Format Version,1.23,Take Name,cturtlebot,Take Notes,,Capture Frame Rate,30.000000,Export Frame Rate,30.000000,Capture Start Time,2023-04-11 01.20.06.963 PM,Total Frames in Take,1056,Total Exported Frames,1056,Rotation Type,Quaternion,Length Units,Meters,Coordinate Space,Global

,Type,Marker,Marker,Marker,Marker,Marker,Marker
,Name,Unlabeled 1080,Unlabeled 1080,Unlabeled 1080,Unlabeled 1081,Unlabeled 1081,Unlabeled 1081
,ID,"C3AE0","C3AE0","C3AE0","C3AF0","C3AF0","C3AF0"
,,Position,Position,Position,Position,Position,Position
Frame,Time (Seconds),X,Y,Z,X,Y,Z
0,0.000000,0.468271,-0.003891,0.103598,0.440780,-0.000250,0.119649
1,0.033333,0.468273,-0.004165,0.103238,0.440919,-0.000336,0.119127
2,0.066667,0.468552,-0.004451,0.102880,0.441284,-0.000322,0.118753
3,0.100000,0.468879,-0.004591,0.102538,0.441661,0.000024,0.118211
4,0.133333,0.469106,-0.004683,0.102383,0.441708,-0.000070,0.117791
5,0.166667,0.469278,-0.004663,0.102196,0.442002,0.000035,0.117566
6,0.200000,0.469250,-0.004628,0.102219,0.442230,0.000048,0.117845
7,0.233333,0.468998,-0.004603,0.102279,0.442019,0.000001,0.118062
8,0.266667,0.468837,-0.004537,0.102480,0.441759,-0.000182,0.118643
9,0.300000,0.468415,-0.004330,0.104408,0.440809,0.000005,0.120523
10,0.333333,0.467517,-0.002393,0.105421,0.438510,0.003788,0.119677
11,0.366667,0.466852,-0.000787,0.106125,0.438938,0.004967,0.121015
12,0.400000,0.465763,-0.003826,0.105874,0.438438,-0.000048,0.121330
13,0.433333,0.466488,-0.003199,0.107001,0.439100,0.000742,0.122283
14,0.466667,0.466300,-0.002941,0.108131,0.438775,0.000755,0.123618
15,0.500000,0.466482,-0.003134,0.108073,0.438982,0.000808,0.123634
16,0.533333,0.466276,-0.002900,0.109518,0.438699,0.000965,0.125105
17,0.566667,0.465376,-0.002718,0.111264,0.437773,0.000798,0.126865
18,0.600000,0.465649,-0.002789,0.111917,0.437872,0.001022,0.127368
19,0.633333,0.465457,-0.002953,0.112117,0.437748,0.000889,0.127513
20,0.666667,0.465558,-0.002897,0.112727,0.437896,0.001008,0.128267
21,0.700000,0.465633,-0.002838,0.114755,0.437972,0.001139,0.130264
22,0.733333,0.465683,-0.003029,0.117593,0.437882,0.000775,0.132929
23,0.766667,0.466084,-0.003498,0.119187,0.438199,0.000483,0.134598
24,0.800000,0.465960,-0.003323,0.119580,0.438142,0.000440,0.134993
25,0.833333,0.466128,-0.003412,0.119611,0.438315,0.000562,0.135105
26,0.866667,0.466099,-0.003457,0.119431,0.438305,0.000503,0.134885
27,0.900000,0.466078,-0.003371,0.119613,0.438269,0.000536,0.135083
28,0.933333,0.466111,-0.003426,0.119538,0.438284,0.000523,0.135004
29,0.966667,0.466100,-0.003465,0.119502,0.438306,0.000510,0.134962
30,1.000000,0.466096,-0.003364,0.119597,0.438286,0.000584,0.135069
31,1.033333,0.466076,-0.003450,0.119512,0.438269,0.000500,0.134977
32,1.066667,0.466082,-0.003423,0.119552,0.438290,0.000548,0.135029
33,1.100000,0.466091,-0.003387,0.119553,0.438286,0.000567,0.135033
34,1.133333,0.466033,-0.003448,0.119528,0.438262,0.000494,0.134978
35,1.166667,0.466036,-0.003386,0.119595,0.438245,0.000545,0.135050
36,1.200000,0.465953,-0.003346,0.119574,0.438200,0.000494,0.134974
37,1.233333,0.465964,-0.003676,0.119183,0.438206,0.000398,0.134423
38,1.266667,0.465863,-0.003715,0.118808,0.438165,0.000389,0.133988
39,1.300000,0.466051,-0.003782,0.117752,0.438459,0.000316,0.132904
40,1.333333,0.466406,-0.003738,0.116479,0.439006,0.000470,0.131722
41,1.366667,0.466827,-0.003641,0.115439,0.439556,0.000440,0.130785
42,1.400000,0.466760,-0.003646,0.114970,0.439660,0.000438,0.130296
43,1.433333,0.466885,-0.003657,0.114557,0.439954,0.000431,0.129877
44,1.466667,0.466901,-0.003741,0.114165,0.440062,0.000343,0.129505
45,1.500000,0.466905,-0.003563,0.114214,0.440074,0.000416,0.129622
46,1.533333,0.466890,-0.003687,0.114226,0.440051,0.000355,0.129604
47,1.566667,0.466919,-0.003650,0.114251,0.440073,0.000435,0.129642
48,1.600000,0.466921,-0.003658,0.114277,0.440069,0.000431,0.129674
49,1.633333,0.466934,-0.003637,0.114273,0.440075,0.000436,0.129679
50,1.666667,0.466924,-0.003640,0.114277,0.440058,0.000428,0.129689
51,1.700000,0.466937,-0.003626,0.114287,0.440062,0.000443,0.129702
52,1.733333,0.466957,-0.003629,0.114302,0.440072,0.000448,0.129719
53,1.766667,0.466943,-0.003643,0.114306,0.440060,0.000440,0.129724
54,1.800000,0.466931,-0.003622,0.114299,0.440050,0.000447,0.129722
55,1.833333,0.466928,-0.003605,0.114337,0.440055,0.000448,0.129743
56,1.866667,0.466948,-0.003622,0.114325,0.440059,0.000452,0.129746
57,1.900000,0.466935,-0.003629,0.114310,0.440051,0.000447,0.129739
58,1.933333,0.466927,-0.003597,0.114337,0.440056,0.000454,0.129749
59,1.966667,0.466952,-0.003617,0.114332,0.440059,0.000455,0.129761
60,2.000000,0.467089,-0.003602,0.114436,0.440094,0.000521,0.129941
61,2.033333,0.467527,-0.003258,0.115048,0.440116,0.000711,0.130774
62,2.066667,0.467477,-0.003019,0.115880,0.439974,0.000850,0.131702
63,2.100000,0.467227,-0.003290,0.116647,0.439713,0.000604,0.132421
64,2.133333,0.466851,-0.003090,0.117738,0.439338,0.000725,0.133492
65,2.166667,0.466704,-0.002912,0.118865,0.439174,0.000885,0.134626
66,2.200000,0.466626,-0.002964,0.119896,0.439080,0.000808,0.135635
67,2.233333,0.466715,-0.003131,0.120897,0.439196,0.000854,0.136685
68,2.266667,0.466840,-0.003100,0.122647,0.439301,0.000839,0.138413
69,2.300000,0.467039,-0.003154,0.124383,0.439440,0.000699,0.140152
70,2.333333,0.467116,-0.003372,0.125114,0.439547,0.000472,0.140887
71,2.366667,0.467148,-0.003399,0.125120,0.439578,0.000473,0.140879
72,2.400000,0.467165,-0.003382,0.125188,0.439616,0.000510,0.140981
73,2.433333,0.467192,-0.003422,0.125133,0.439647,0.000513,0.140911
74,2.466667,0.467182,-0.003401,0.125171,0.439631,0.000518,0.140952
75,2.500000,0.467194,-0.003406,0.125205,0.439646,0.000512,0.140986
76,2.533333,0.467206,-0.003440,0.125184,0.439652,0.000493,0.140962
77,2.566667,0.467207,-0.003415,0.125208,0.439661,0.000529,0.140988
78,2.600000,0.467190,-0.003423,0.125243,0.439641,0.000507,0.141028
79,2.633333,0.467201,-0.003431,0.125234,0.439653,0.000517,0.141023
80,2.666667,0.467203,-0.003426,0.125258,0.439653,0.000514,0.141041
81,2.700000,0.467198,-0.003421,0.125266,0.439652,0.000527,0.141050
82,2.733333,0.467205,-0.003440,0.125271,0.439655,0.000515,0.141060
83,2.766667,0.467114,-0.003368,0.125337,0.439684,0.000506,0.141024
84,2.800000,0.467066,-0.003621,0.124816,0.439645,0.000422,0.140327
85,2.833333,0.467098,-0.003707,0.124270,0.439711,0.000359,0.139773
86,2.866667,0.467251,-0.003739,0.123350,0.439926,0.000380,0.138855
87,2.900000,0.467547,-0.003736,0.122092,0.440385,0.000458,0.137629
88,2.933333,0.467836,-0.003628,0.121316,0.440818,0.000404,0.136948
89,2.966667,0.467748,-0.003681,0.120875,0.440882,0.000389,0.136462
90,3.000000,0.467756,-0.003686,0.120506,0.441056,0.000473,0.136040
91,3.033333,0.467776,-0.003695,0.120293,0.441084,0.000393,0.135838
92,3.066667,0.467849,-0.003631,0.120417,0.441134,0.000493,0.135994
93,3.100000,0.467802,-0.003673,0.120333,0.441113,0.000448,0.135920
94,3.133333,0.467896,-0.003613,0.120438,0.441151,0.000521,0.136042
95,3.166667,0.467852,-0.003646,0.120369,0.441122,0.000462,0.135969
96,3.200000,0.467913,-0.003616,0.120458,0.441153,0.000518,0.136059
97,3.233333,0.467865,-0.003634,0.120386,0.441124,0.000483,0.135992
98,3.266667,0.467926,-0.003617,0.120443,0.441161,0.000531,0.136051
99,3.300000,0.467904,-0.003630,0.120397,0.441141,0.000493,0.136008
100,3.333333,0.467940,-0.003599,0.120448,0.441161,0.000528,0.136067
101,3.366667,0.467908,-0.003617,0.120416,0.441139,0.000507,0.136029
102,3.400000,0.467926,-0.003607,0.120442,0.441150,0.000531,0.136063
103,3.433333,0.467904,-0.003618,0.120407,0.441132,0.000512,0.136026
104,3.466667,0.467928,-0.003598,0.120439,0.441148,0.000535,0.136060
105,3.500000,0.467894,-0.003609,0.120425,0.441123,0.000516,0.136052
106,3.533333,0.467940,-0.003606,0.120462,0.441167,0.000562,0.136125
107,3.566667,0.468267,-0.003421,0.120812,0.441216,0.000606,0.136657
108,3.600000,0.468416,-0.003141,0.121434,0.441254,0.000917,0.137498
109,3.633333,0.468181,-0.003228,0.122352,0.440981,0.000653,0.138444
110,3.666667,0.467903,-0.003146,0.123285,0.440584,0.000743,0.139267
111,3.700000,0.467681,-0.003075,0.124294,0.440370,0.000783,0.140323
112,3.733333,0.467437,-0.002997,0.125295,0.440085,0.000757,0.141256
113,3.766667,0.467601,-0.002998,0.126073,0.440240,0.000875,0.142035
114,3.800000,0.467651,-0.003107,0.127520,0.440270,0.000877,0.143452
115,3.833333,0.467845,-0.003168,0.129339,0.440409,0.000709,0.145329
116,3.866667,0.468107,-0.003277,0.130837,0.440666,0.000573,0.146810
117,3.900000,0.468090,-0.003357,0.131352,0.440650,0.000548,0.147331
118,3.933333,0.468160,-0.003366,0.131330,0.440745,0.000585,0.147306
119,3.966667,0.468129,-0.003393,0.131302,0.440706,0.000556,0.147278
120,4.000000,0.468140,-0.003384,0.131336,0.440736,0.000605,0.147320
121,4.033333,0.468123,-0.003384,0.131359,0.440709,0.000576,0.147342
122,4.066667,0.468141,-0.003409,0.131348,0.440729,0.000588,0.147344
123,4.100000,0.468113,-0.003383,0.131406,0.440698,0.000595,0.147392
124,4.133333,0.468144,-0.003404,0.131379,0.440738,0.000593,0.147371
125,4.166667,0.468154,-0.003409,0.131398,0.440743,0.000591,0.147388
126,4.200000,0.468129,-0.003384,0.131422,0.440726,0.000602,0.147425
127,4.233333,0.468141,-0.003406,0.131415,0.440737,0.000599,0.147408
128,4.266667,0.468149,-0.003412,0.131422,0.440750,0.000598,0.147423
129,4.300000,0.468132,-0.003396,0.131452,0.440717,0.000595,0.147456
130,4.333333,0.468079,-0.003497,0.131257,0.440734,0.000433,0.147111
131,4.366667,0.467906,-0.003726,0.130724,0.440588,0.000309,0.146473
132,4.400000,0.468185,-0.003783,0.129905,0.440880,0.000307,0.145651
133,4.433333,0.468361,-0.003749,0.128679,0.441207,0.000439,0.144465
134,4.466667,0.468662,-0.003676,0.127843,0.441622,0.000487,0.143600
135,4.500000,0.468585,-0.003659,0.127231,0.441767,0.000365,0.143054
136,4.533333,0.468656,-0.003721,0.126886,0.441940,0.000391,0.142707
137,4.566667,0.468599,-0.003745,0.126513,0.442026,0.000468,0.142212
138,4.600000,0.468673,-0.003712,0.126529,0.442076,0.000496,0.142266
139,4.633333,0.468712,-0.003693,0.126512,0.442086,0.000512,0.142291
140,4.666667,0.468709,-0.003687,0.126541,0.442099,0.000542,0.142312
141,4.700000,0.468726,-0.003681,0.126544,0.442073,0.000462,0.142377
142,4.733333,0.468724,-0.003677,0.126555,0.442066,0.000468,0.142389
143,4.766667,0.468736,-0.003660,0.126556,0.442071,0.000480,0.142399
144,4.800000,0.468748,-0.003675,0.126561,0.442071,0.000471,0.142401
145,4.833333,0.468747,-0.003675,0.126573,0.442069,0.000474,0.142419
146,4.866667,0.468728,-0.003659,0.126578,0.442068,0.000479,0.142411
147,4.900000,0.468759,-0.003655,0.126578,0.442074,0.000485,0.142427
148,4.933333,0.468733,-0.003676,0.126589,0.442064,0.000468,0.142424
149,4.966667,0.468764,-0.003652,0.126577,0.442068,0.000477,0.142435
150,5.000000,0.468762,-0.003651,0.126575,0.442072,0.000485,0.142429
151,5.033333,0.468761,-0.003665,0.126587,0.442087,0.000442,0.142459
152,5.066667,0.468765,-0.003657,0.126586,0.442087,0.000453,0.142459
153,5.100000,0.468808,-0.003646,0.126586,0.442123,0.000482,0.142491
154,5.133333,0.469253,-0.003328,0.127169,0.442202,0.000705,0.143296
155,5.166667,0.469336,-0.003043,0.127877,0.442171,0.000862,0.144192
156,5.200000,0.469058,-0.003336,0.128638,0.441917,0.000699,0.144858
157,5.233333,0.468772,-0.003148,0.129826,0.441514,0.000718,0.146018
158,5.266667,0.468620,-0.002980,0.130905,0.441383,0.000865,0.147180
159,5.300000,0.468321,-0.003004,0.131914,0.441059,0.000716,0.148071
160,5.333333,0.468541,-0.003147,0.132725,0.441315,0.000944,0.148902
161,5.366667,0.468572,-0.003067,0.134627,0.441341,0.000877,0.150779
162,5.400000,0.468991,-0.003092,0.136536,0.441676,0.000669,0.152719
163,5.433333,0.469122,-0.003369,0.137555,0.441801,0.000523,0.153669
164,5.466667,0.469155,-0.003374,0.137636,0.441829,0.000526,0.153755
165,5.500000,0.469211,-0.003342,0.137694,0.441926,0.000635,0.153878
166,5.533333,0.469186,-0.003370,0.137639,0.441889,0.000573,0.153788
167,5.566667,0.469203,-0.003373,0.137668,0.441914,0.000615,0.153830
168,5.600000,0.469208,-0.003364,0.137695,0.441916,0.000611,0.153856
169,5.633333,0.469201,-0.003381,0.137663,0.441916,0.000609,0.153821
170,5.666667,0.469207,-0.003367,0.137692,0.441925,0.000628,0.153861
171,5.700000,0.469202,-0.003382,0.137696,0.441920,0.000612,0.153859
172,5.733333,0.469211,-0.003388,0.137686,0.441929,0.000611,0.153845
173,5.766667,0.469206,-0.003368,0.137707,0.441922,0.000618,0.153871
174,5.800000,0.469207,-0.003394,0.137701,0.441927,0.000601,0.153869
175,5.833333,0.469210,-0.003377,0.137707,0.441925,0.000616,0.153877
176,5.866667,0.469152,-0.003323,0.137743,0.441937,0.000598,0.153865
177,5.900000,0.469103,-0.003618,0.137344,0.441845,0.000369,0.153269
178,5.933333,0.469049,-0.003800,0.136908,0.441866,0.000318,0.152795
179,5.966667,0.469254,-0.003742,0.135811,0.442111,0.000306,0.151679
180,6.000000,0.469518,-0.003701,0.134606,0.442528,0.000438,0.150562
181,6.033333,0.469761,-0.003696,0.133836,0.442909,0.000389,0.149808
182,6.066667,0.469634,-0.003659,0.133245,0.443001,0.000388,0.149233
183,6.100000,0.469746,-0.003777,0.132976,0.443203,0.000410,0.148911
184,6.133333,0.469658,-0.003751,0.132667,0.443208,0.000382,0.148631
185,6.166667,0.469732,-0.003658,0.132809,0.443249,0.000435,0.148807
186,6.200000,0.469709,-0.003697,0.132742,0.443212,0.000408,0.148746
187,6.233333,0.469830,-0.003667,0.132845,0.443257,0.000448,0.148853
188,6.266667,0.469770,-0.003767,0.132821,0.443222,0.000423,0.148799
189,6.300000,0.469845,-0.003643,0.132849,0.443262,0.000457,0.148873
190,6.333333,0.469783,-0.003760,0.132848,0.443222,0.000414,0.148836
191,6.366667,0.469844,-0.003653,0.132860,0.443259,0.000443,0.148889
192,6.400000,0.469800,-0.003737,0.132858,0.443234,0.000427,0.148852
193,6.433333,0.469853,-0.003654,0.132862,0.443257,0.000443,0.148895
194,6.466667,0.469801,-0.003741,0.132872,0.443232,0.000421,0.148869
195,6.500000,0.469857,-0.003642,0.132861,0.443256,0.000451,0.148891
196,6.533333,0.469816,-0.003740,0.132880,0.443240,0.000431,0.148875
197,6.566667,0.469854,-0.003648,0.132867,0.443248,0.000441,0.148903
198,6.600000,0.469847,-0.003656,0.132843,0.443240,0.000435,0.148886
199,6.633333,0.469866,-0.003638,0.132857,0.443250,0.000449,0.148910
200,6.666667,0.470082,-0.003565,0.133038,0.443295,0.000551,0.149216
201,6.700000,0.470338,-0.003040,0.133812,0.443383,0.000854,0.150267
202,6.733333,0.470121,-0.003128,0.134599,0.443126,0.000761,0.151005
203,6.766667,0.470043,-0.003284,0.135337,0.442932,0.000633,0.151690
204,6.800000,0.469730,-0.003069,0.136419,0.442608,0.000661,0.152842
205,6.833333,0.469411,-0.003033,0.137663,0.442205,0.000829,0.153929
206,6.866667,0.469447,-0.003059,0.138614,0.442211,0.000772,0.154851
207,6.900000,0.469601,-0.003057,0.139681,0.442390,0.000802,0.156019
208,6.933333,0.469713,-0.003152,0.141539,0.442546,0.000736,0.157851
209,6.966667,0.470037,-0.003261,0.143066,0.442799,0.000642,0.159361
210,7.000000,0.470056,-0.003358,0.143682,0.442827,0.000437,0.160019
211,7.033333,0.470144,-0.003323,0.143744,0.442930,0.000527,0.160093
212,7.066667,0.470111,-0.003332,0.143752,0.442915,0.000520,0.160130
213,7.100000,0.470126,-0.003374,0.143705,0.442949,0.000518,0.160076
214,7.133333,0.470124,-0.003323,0.143779,0.442927,0.000521,0.160150
215,7.166667,0.470142,-0.003368,0.143748,0.442954,0.000518,0.160122
216,7.200000,0.470128,-0.003357,0.143768,0.442931,0.000515,0.160136
217,7.233333,0.470137,-0.003351,0.143788,0.442963,0.000557,0.160174
218,7.266667,0.470145,-0.003360,0.143773,0.442951,0.000512,0.160153
219,7.300000,0.470136,-0.003360,0.143794,0.442968,0.000560,0.160181
220,7.333333,0.470130,-0.003353,0.143809,0.442957,0.000554,0.160196
221,7.366667,0.470147,-0.003367,0.143800,0.442971,0.000551,0.160193
222,7.400000,0.470144,-0.003361,0.143818,0.442971,0.000549,0.160211
223,7.433333,0.470022,-0.003298,0.143862,0.442913,0.000474,0.160172
224,7.466667,0.470002,-0.003689,0.143249,0.442848,0.000304,0.159354
225,7.500000,0.470146,-0.003828,0.142599,0.443009,0.000308,0.158643
226,7.533333,0.470317,-0.003754,0.141484,0.443298,0.000368,0.157550
227,7.566667,0.470587,-0.003733,0.140417,0.443760,0.000398,0.156517
228,7.600000,0.470591,-0.003666,0.139834,0.443923,0.000351,0.155979
229,7.633333,0.470618,-0.003661,0.139350,0.444052,0.000321,0.155534
230,7.666667,0.470647,-0.003732,0.138976,0.444205,0.000404,0.155033
231,7.700000,0.470681,-0.003717,0.138864,0.444245,0.000404,0.154963
232,7.733333,0.470715,-0.003680,0.138935,0.444271,0.000431,0.155055
233,7.766667,0.470704,-0.003691,0.138907,0.444271,0.000439,0.155037
234,7.800000,0.470740,-0.003665,0.138961,0.444290,0.000452,0.155110
235,7.833333,0.470721,-0.003680,0.138936,0.444261,0.000440,0.155086
236,7.866667,0.470753,-0.003651,0.138976,0.444281,0.000460,0.155128
237,7.900000,0.470744,-0.003669,0.138954,0.444269,0.000446,0.155105
238,7.933333,0.470760,-0.003652,0.138982,0.444275,0.000460,0.155141
239,7.966667,0.470754,-0.003657,0.138964,0.444271,0.000452,0.155124
240,8.000000,0.470771,-0.003645,0.138983,0.444285,0.000466,0.155147
241,8.033333,0.470755,-0.003663,0.138975,0.444269,0.000447,0.155138
242,8.066667,0.470769,-0.003641,0.138989,0.444278,0.000467,0.155155
243,8.100000,0.470768,-0.003644,0.138977,0.444274,0.000462,0.155145
244,8.133333,0.470776,-0.003647,0.138995,0.444276,0.000461,0.155164
245,8.166667,0.470770,-0.003643,0.138986,0.444273,0.000461,0.155152
246,8.200000,0.470789,-0.003641,0.138978,0.444288,0.000471,0.155176
247,8.233333,0.471142,-0.003337,0.139470,0.444356,0.000617,0.155945
248,8.266667,0.471275,-0.003182,0.140068,0.444406,0.000910,0.156668
249,8.300000,0.471057,-0.003286,0.140827,0.444141,0.000614,0.157459
250,8.333333,0.470816,-0.003155,0.142041,0.443813,0.000651,0.158591
251,8.366667,0.470642,-0.003142,0.143276,0.443597,0.000800,0.159794
252,8.400000,0.470204,-0.003121,0.144382,0.443115,0.000641,0.160781
253,8.433333,0.470524,-0.003133,0.145203,0.443469,0.000823,0.161700
254,8.466667,0.470529,-0.003076,0.146777,0.443467,0.000754,0.163329
255,8.500000,0.470890,-0.003222,0.148625,0.443721,0.000706,0.165061
256,8.533333,0.471057,-0.003294,0.149681,0.443940,0.000491,0.166211
257,8.566667,0.471049,-0.003428,0.149980,0.443983,0.000513,0.166501
258,8.600000,0.471084,-0.003427,0.149981,0.444042,0.000547,0.166500
259,8.633333,0.471070,-0.003463,0.149910,0.444009,0.000494,0.166411
260,8.666667,0.471080,-0.003433,0.149976,0.444033,0.000536,0.166501
261,8.700000,0.471067,-0.003450,0.149956,0.444016,0.000506,0.166466
262,8.733333,0.471078,-0.003467,0.149928,0.444048,0.000523,0.166444
263,8.766667,0.471062,-0.003437,0.149991,0.444014,0.000528,0.166516
264,8.800000,0.471075,-0.003472,0.149951,0.444039,0.000513,0.166468
265,8.833333,0.471099,-0.003423,0.149967,0.444036,0.000533,0.166494
266,8.866667,0.471073,-0.003461,0.149986,0.444029,0.000531,0.166512
267,8.900000,0.471075,-0.003479,0.149953,0.444039,0.000518,0.166482
268,8.933333,0.471081,-0.003460,0.149983,0.444041,0.000538,0.166512
269,8.966667,0.471034,-0.003443,0.150021,0.443996,0.000502,0.166541
270,9.000000,0.471080,-0.003599,0.149704,0.444009,0.000383,0.166094
271,9.033333,0.470859,-0.003751,0.149228,0.443858,0.000196,0.165550
272,9.066667,0.471085,-0.003813,0.148268,0.444143,0.000251,0.164550
273,9.100000,0.471260,-0.003872,0.147036,0.444532,0.000356,0.163370
274,9.133333,0.471540,-0.003710,0.146266,0.444833,0.000377,0.162558
275,9.166667,0.471457,-0.003757,0.145743,0.444910,0.000357,0.162039
276,9.200000,0.471546,-0.003694,0.145270,0.445130,0.000354,0.161579
277,9.233333,0.471438,-0.003740,0.144884,0.445193,0.000331,0.161145
278,9.266667,0.471588,-0.003696,0.145000,0.445245,0.000416,0.161329
279,9.300000,0.471557,-0.003711,0.144957,0.445241,0.000420,0.161255
280,9.333333,0.471644,-0.003707,0.145028,0.445269,0.000383,0.161400
281,9.366667,0.471598,-0.003723,0.144984,0.445223,0.000349,0.161366
282,9.400000,0.471633,-0.003685,0.145033,0.445245,0.000392,0.161417
283,9.433333,0.471606,-0.003719,0.145000,0.445224,0.000353,0.161390
284,9.466667,0.471642,-0.003695,0.145040,0.445248,0.000388,0.161431
285,9.500000,0.471614,-0.003696,0.145005,0.445225,0.000372,0.161400
286,9.533333,0.471639,-0.003699,0.145041,0.445240,0.000384,0.161434
287,9.566667,0.471624,-0.003704,0.145024,0.445228,0.000363,0.161424
288,9.600000,0.471644,-0.003686,0.145036,0.445241,0.000389,0.161431
289,9.633333,0.471634,-0.003702,0.145025,0.445231,0.000369,0.161428
290,9.666667,0.471653,-0.003686,0.145055,0.445246,0.000389,0.161453
291,9.700000,0.471651,-0.003680,0.145034,0.445241,0.000390,0.161431
292,9.733333,0.471663,-0.003681,0.145064,0.445252,0.000393,0.161462
293,9.766667,0.471788,-0.003640,0.145100,0.445314,0.000454,0.161601
294,9.800000,0.472158,-0.003226,0.145939,0.445395,0.000838,0.162624
295,9.833333,0.472196,-0.003217,0.146514,0.445325,0.000772,0.163336
296,9.866667,0.472055,-0.003396,0.147281,0.445160,0.000640,0.163956
297,9.900000,0.471736,-0.003029,0.148501,0.444780,0.000693,0.165219
298,9.933333,0.471554,-0.003078,0.149636,0.444554,0.000783,0.166348
299,9.966667,0.471290,-0.003127,0.150634,0.444233,0.000593,0.167284
300,10.000000,0.471469,-0.003197,0.151513,0.444502,0.000885,0.168141
301,10.033333,0.471497,-0.003200,0.153422,0.444548,0.000746,0.170098
302,10.066667,0.471895,-0.003262,0.155202,0.444859,0.000617,0.171865
303,10.100000,0.472015,-0.003490,0.156040,0.445045,0.000458,0.172705
304,10.133333,0.472086,-0.003428,0.156246,0.445056,0.000461,0.172945
305,10.166667,0.472060,-0.003493,0.156134,0.445078,0.000418,0.172850
306,10.200000,0.472019,-0.003527,0.156068,0.445068,0.000423,0.172774
307,10.233333,0.471970,-0.003421,0.156192,0.445003,0.000472,0.172920
308,10.266667,0.472029,-0.003502,0.156117,0.445052,0.000438,0.172818
309,10.300000,0.472037,-0.003508,0.156128,0.445059,0.000435,0.172834
310,10.333333,0.472007,-0.003482,0.156209,0.445032,0.000448,0.172931
311,10.366667,0.471991,-0.003466,0.156101,0.445030,0.000465,0.172818
312,10.400000,0.472052,-0.003521,0.156189,0.445074,0.000431,0.172905
313,10.433333,0.472027,-0.003462,0.156180,0.445053,0.000480,0.172894
314,10.466667,0.471992,-0.003484,0.156116,0.445042,0.000457,0.172840
315,10.500000,0.472071,-0.003500,0.156205,0.445094,0.000455,0.172926
316,10.533333,0.471962,-0.003415,0.156244,0.445041,0.000436,0.172893
317,10.566667,0.471982,-0.003726,0.155677,0.445008,0.000361,0.172116
318,10.600000,0.471990,-0.003790,0.155129,0.445103,0.000280,0.171559
319,10.633333,0.472347,-0.003790,0.153849,0.445550,0.000290,0.170372
320,10.666667,0.472496,-0.003783,0.152736,0.445910,0.000368,0.169213
321,10.700000,0.472581,-0.003721,0.152153,0.446099,0.000336,0.168683
322,10.733333,0.472488,-0.003761,0.151810,0.446120,0.000367,0.168268
323,10.766667,0.472573,-0.003818,0.151341,0.446290,0.000359,0.167778
324,10.800000,0.472574,-0.003699,0.151106,0.446297,0.000328,0.167591
325,10.833333,0.472632,-0.003784,0.151273,0.446363,0.000369,0.167752
326,10.866667,0.472589,-0.003693,0.151172,0.446339,0.000367,0.167708
327,10.900000,0.472626,-0.003742,0.151280,0.446379,0.000422,0.167790
328,10.933333,0.472604,-0.003767,0.151242,0.446341,0.000367,0.167751
329,10.966667,0.472641,-0.003750,0.151315,0.446371,0.000412,0.167832
330,11.000000,0.472615,-0.003747,0.151252,0.446336,0.000400,0.167767
331,11.033333,0.472662,-0.003726,0.151305,0.446384,0.000437,0.167830
332,11.066667,0.472630,-0.003777,0.151284,0.446348,0.000373,0.167804
333,11.100000,0.472648,-0.003716,0.151298,0.446369,0.000440,0.167828
334,11.133333,0.472642,-0.003742,0.151283,0.446357,0.000412,0.167809
335,11.166667,0.472654,-0.003744,0.151313,0.446370,0.000414,0.167841
336,11.200000,0.472644,-0.003742,0.151295,0.446358,0.000417,0.167820
337,11.233333,0.472660,-0.003721,0.151303,0.446374,0.000431,0.167841
338,11.266667,0.472645,-0.003743,0.151303,0.446359,0.000407,0.167833
339,11.300000,0.472669,-0.003747,0.151332,0.446383,0.000430,0.167877
340,11.333333,0.472936,-0.003512,0.151593,0.446465,0.000627,0.168293
341,11.366667,0.473175,-0.003240,0.152252,0.446531,0.000835,0.169201
342,11.400000,0.473009,-0.003292,0.153181,0.446353,0.000586,0.170181
343,11.433333,0.472846,-0.003203,0.154030,0.446083,0.000666,0.170970
344,11.466667,0.472664,-0.003207,0.155076,0.445864,0.000707,0.171995
345,11.500000,0.472260,-0.003157,0.156398,0.445373,0.000662,0.173200
346,11.533333,0.472349,-0.003114,0.157556,0.445471,0.000755,0.174348
347,11.566667,0.472502,-0.003095,0.158975,0.445612,0.000798,0.175665
348,11.600000,0.472752,-0.003327,0.160536,0.445860,0.000527,0.177325
349,11.633333,0.473022,-0.003346,0.161663,0.446055,0.000570,0.178418
350,11.666667,0.473093,-0.003394,0.161918,0.446181,0.000454,0.178750
351,11.700000,0.473090,-0.003453,0.161886,0.446183,0.000420,0.178715
352,11.733333,0.473090,-0.003432,0.161920,0.446186,0.000435,0.178751
353,11.766667,0.473113,-0.003429,0.161907,0.446209,0.000453,0.178739
354,11.800000,0.473101,-0.003460,0.161916,0.446197,0.000428,0.178753
355,11.833333,0.473105,-0.003446,0.161976,0.446200,0.000427,0.178806
356,11.866667,0.473110,-0.003441,0.161967,0.446208,0.000440,0.178798
357,11.900000,0.473109,-0.003455,0.161977,0.446214,0.000426,0.178810
358,11.933333,0.473106,-0.003460,0.162019,0.446203,0.000412,0.178851
359,11.966667,0.473110,-0.003451,0.162013,0.446213,0.000430,0.178851
360,12.000000,0.473112,-0.003445,0.162019,0.446212,0.000428,0.178855
361,12.033333,0.473113,-0.003468,0.162046,0.446218,0.000414,0.178887
362,12.066667,0.473117,-0.003460,0.162049,0.446211,0.000421,0.178884
363,12.100000,0.472969,-0.003433,0.161978,0.446187,0.000395,0.178718
364,12.133333,0.472804,-0.003773,0.161420,0.446004,0.000239,0.177969
365,12.166667,0.473107,-0.003850,0.160633,0.446335,0.000191,0.177242
366,12.200000,0.473333,-0.003778,0.159478,0.446679,0.000317,0.176134
367,12.233333,0.473436,-0.003818,0.158556,0.446943,0.000372,0.175146
368,12.266667,0.473402,-0.003718,0.157991,0.447046,0.000318,0.174634
369,12.300000,0.473378,-0.003759,0.157556,0.447158,0.000339,0.174098
370,12.333333,0.473441,-0.003828,0.157143,0.447304,0.000328,0.173704
371,12.366667,0.473481,-0.003797,0.157192,0.447356,0.000364,0.173791
372,12.400000,0.473480,-0.003777,0.157176,0.447338,0.000366,0.173783
373,12.433333,0.473520,-0.003747,0.157213,0.447359,0.000405,0.173834
374,12.466667,0.473522,-0.003761,0.157213,0.447354,0.000380,0.173847
375,12.500000,0.473544,-0.003748,0.157229,0.447365,0.000406,0.173872
376,12.533333,0.473532,-0.003740,0.157223,0.447348,0.000404,0.173862
377,12.566667,0.473546,-0.003743,0.157244,0.447353,0.000405,0.173890
378,12.600000,0.473544,-0.003755,0.157242,0.447351,0.000394,0.173886
379,12.633333,0.473562,-0.003730,0.157243,0.447366,0.000425,0.173896
380,12.666667,0.473550,-0.003747,0.157243,0.447352,0.000405,0.173896
381,12.700000,0.473557,-0.003747,0.157262,0.447355,0.000402,0.173910
382,12.733333,0.473556,-0.003733,0.157247,0.447354,0.000418,0.173898
383,12.766667,0.473565,-0.003730,0.157256,0.447359,0.000421,0.173908
384,12.800000,0.473561,-0.003747,0.157258,0.447355,0.000408,0.173912
385,12.833333,0.473568,-0.003734,0.157260,0.447358,0.000413,0.173920
386,12.866667,0.473615,-0.003723,0.157263,0.447349,0.000442,0.173993
387,12.900000,0.474008,-0.003360,0.157888,0.447481,0.000621,0.174858
388,12.933333,0.474059,-0.003216,0.158335,0.447488,0.000785,0.175415
389,12.966667,0.474010,-0.003404,0.158964,0.447407,0.000636,0.176093
390,13.000000,0.473609,-0.003192,0.160543,0.446909,0.000543,0.177556
391,13.033333,0.473379,-0.003131,0.161901,0.446612,0.000612,0.178886
392,13.066667,0.473124,-0.003031,0.162849,0.446288,0.000652,0.179710
393,13.100000,0.473387,-0.003292,0.163608,0.446616,0.000727,0.180468
394,13.133333,0.473432,-0.003211,0.165536,0.446671,0.000669,0.182440
395,13.166667,0.474031,-0.003286,0.167600,0.447124,0.000541,0.184518
396,13.200000,0.474310,-0.003482,0.168503,0.447490,0.000424,0.185501
397,13.233333,0.474296,-0.003522,0.168743,0.447452,0.000315,0.185742
398,13.266667,0.474331,-0.003524,0.168770,0.447526,0.000395,0.185810
399,13.300000,0.474344,-0.003570,0.168657,0.447533,0.000368,0.185665
400,13.333333,0.474336,-0.003524,0.168757,0.447520,0.000379,0.185789
401,13.366667,0.474326,-0.003545,0.168727,0.447510,0.000361,0.185742
402,13.400000,0.474352,-0.003562,0.168687,0.447550,0.000390,0.185705
403,13.433333,0.474321,-0.003524,0.168760,0.447510,0.000370,0.185792
404,13.466667,0.474328,-0.003574,0.168693,0.447535,0.000361,0.185715
405,13.500000,0.474329,-0.003550,0.168712,0.447534,0.000381,0.185740
406,13.533333,0.474329,-0.003537,0.168726,0.447531,0.000387,0.185747
407,13.566667,0.474321,-0.003578,0.168693,0.447534,0.000359,0.185719
408,13.600000,0.474334,-0.003536,0.168731,0.447538,0.000387,0.185754
409,13.633333,0.474229,-0.003496,0.168753,0.447487,0.000334,0.185721
410,13.666667,0.474240,-0.003697,0.168297,0.447477,0.000330,0.185115
411,13.700000,0.474161,-0.003886,0.167808,0.447492,0.000224,0.184551
412,13.733333,0.474389,-0.003851,0.166519,0.447811,0.000217,0.183312
413,13.766667,0.474601,-0.003744,0.165391,0.448188,0.000313,0.182196
414,13.800000,0.474694,-0.003845,0.164737,0.448365,0.000264,0.181539
415,13.833333,0.474630,-0.003783,0.164268,0.448458,0.000323,0.181034
416,13.866667,0.474688,-0.003744,0.163780,0.448661,0.000301,0.180543
417,13.900000,0.474590,-0.003837,0.163520,0.448683,0.000187,0.180289
418,13.933333,0.474681,-0.003729,0.163636,0.448740,0.000281,0.180424
419,13.966667,0.474653,-0.003792,0.163578,0.448722,0.000240,0.180374
420,14.000000,0.474729,-0.003715,0.163673,0.448744,0.000297,0.180480
421,14.033333,0.474703,-0.003740,0.163623,0.448715,0.000272,0.180442
422,14.066667,0.474745,-0.003701,0.163677,0.448750,0.000341,0.180503
423,14.100000,0.474719,-0.003737,0.163649,0.448725,0.000285,0.180472
424,14.133333,0.474752,-0.003705,0.163691,0.448750,0.000336,0.180521
425,14.166667,0.474729,-0.003709,0.163656,0.448724,0.000301,0.180488
426,14.200000,0.474754,-0.003697,0.163693,0.448747,0.000336,0.180526
427,14.233333,0.474741,-0.003724,0.163675,0.448730,0.000295,0.180504
428,14.266667,0.474764,-0.003699,0.163692,0.448746,0.000345,0.180527
429,14.300000,0.474747,-0.003706,0.163679,0.448729,0.000310,0.180508
430,14.333333,0.474762,-0.003706,0.163699,0.448741,0.000338,0.180539
431,14.366667,0.474753,-0.003704,0.163680,0.448736,0.000332,0.180521
432,14.400000,0.474765,-0.003696,0.163691,0.448746,0.000351,0.180543
433,14.433333,0.474979,-0.003627,0.163854,0.448799,0.000480,0.180796
434,14.466667,0.475371,-0.003193,0.164547,0.448879,0.000670,0.181804
435,14.500000,0.475301,-0.003252,0.165381,0.448753,0.000680,0.182646
436,14.533333,0.475122,-0.003413,0.166226,0.448568,0.000474,0.183429
437,14.566667,0.474823,-0.003174,0.167269,0.448251,0.000585,0.184548
438,14.600000,0.474585,-0.003097,0.168611,0.447897,0.000823,0.185692
439,14.633333,0.474461,-0.003153,0.169773,0.447701,0.000652,0.186861
440,14.666667,0.474677,-0.003204,0.170980,0.447936,0.000795,0.187980
441,14.700000,0.474929,-0.003347,0.172397,0.448215,0.000675,0.189520
442,14.733333,0.475105,-0.003334,0.173781,0.448340,0.000594,0.190831
443,14.766667,0.475252,-0.003420,0.174216,0.448534,0.000474,0.191409
444,14.800000,0.475238,-0.003412,0.174250,0.448511,0.000456,0.191422
445,14.833333,0.475239,-0.003414,0.174260,0.448529,0.000470,0.191450
446,14.866667,0.475258,-0.003442,0.174248,0.448561,0.000477,0.191435
447,14.900000,0.475246,-0.003429,0.174282,0.448537,0.000456,0.191474
448,14.933333,0.475260,-0.003428,0.174295,0.448556,0.000470,0.191481
449,14.966667,0.475257,-0.003440,0.174296,0.448549,0.000456,0.191491
450,15.000000,0.475253,-0.003447,0.174315,0.448558,0.000446,0.191517
451,15.033333,0.475258,-0.003437,0.174317,0.448559,0.000451,0.191524
452,15.066667,0.475254,-0.003436,0.174324,0.448564,0.000458,0.191527
453,15.100000,0.475261,-0.003535,0.174398,0.448558,0.000437,0.191548
454,15.133333,0.475258,-0.003446,0.174348,0.448566,0.000441,0.191554
455,15.166667,0.475257,-0.003440,0.174353,0.448568,0.000443,0.191558
456,15.200000,0.475172,-0.003473,0.174486,0.448511,0.000401,0.191580
457,15.233333,0.475172,-0.003714,0.173910,0.448469,0.000333,0.190781
458,15.266667,0.475204,-0.003924,0.173264,0.448564,0.000235,0.190111
459,15.300000,0.475326,-0.003856,0.172275,0.448828,0.000312,0.189153
460,15.333333,0.475397,-0.003831,0.171172,0.449097,0.000364,0.188054
461,15.366667,0.475510,-0.003778,0.170546,0.449272,0.000266,0.187452
462,15.400000,0.475485,-0.003814,0.170153,0.449354,0.000312,0.186956
463,15.433333,0.475497,-0.003830,0.169736,0.449524,0.000296,0.186592
464,15.466667,0.475483,-0.003867,0.169608,0.449560,0.000283,0.186493
465,15.500000,0.475501,-0.003758,0.169701,0.449585,0.000323,0.186586
466,15.533333,0.475477,-0.003790,0.169668,0.449579,0.000306,0.186568
467,15.566667,0.475545,-0.003752,0.169721,0.449629,0.000367,0.186630
468,15.600000,0.475509,-0.003771,0.169690,0.449594,0.000338,0.186608
469,15.633333,0.475558,-0.003751,0.169740,0.449601,0.000348,0.186659
470,15.666667,0.475536,-0.003761,0.169719,0.449586,0.000332,0.186638
471,15.700000,0.475576,-0.003744,0.169738,0.449607,0.000366,0.186667
472,15.733333,0.475555,-0.003753,0.169723,0.449596,0.000346,0.186650
473,15.766667,0.475567,-0.003715,0.169760,0.449603,0.000361,0.186686
474,15.800000,0.475563,-0.003754,0.169731,0.449591,0.000358,0.186660
475,15.833333,0.475573,-0.003711,0.169760,0.449608,0.000365,0.186687
476,15.866667,0.475572,-0.003752,0.169740,0.449595,0.000359,0.186670
477,15.900000,0.475585,-0.003741,0.169754,0.449605,0.000367,0.186690
478,15.933333,0.475577,-0.003737,0.169746,0.449599,0.000368,0.186684
479,15.966667,0.475608,-0.003702,0.169778,0.449598,0.000391,0.186763
480,16.000000,0.475995,-0.003501,0.170207,0.449710,0.000536,0.187396
481,16.033333,0.476090,-0.003301,0.170708,0.449726,0.000757,0.188050
482,16.066667,0.476055,-0.003392,0.171516,0.449603,0.000569,0.188929
483,16.100000,0.475638,-0.003219,0.172948,0.449080,0.000459,0.190238
484,16.133333,0.475487,-0.003185,0.174103,0.448924,0.000695,0.191425
485,16.166667,0.475191,-0.003144,0.175185,0.448514,0.000625,0.192263
486,16.200000,0.475359,-0.003253,0.175867,0.448773,0.000668,0.193090
487,16.233333,0.475476,-0.003173,0.177328,0.448925,0.000688,0.194624
488,16.266667,0.475881,-0.003272,0.179184,0.449188,0.000634,0.196356
489,16.300000,0.476206,-0.003431,0.180016,0.449549,0.000424,0.197262
490,16.333333,0.476139,-0.003467,0.180336,0.449522,0.000452,0.197558
491,16.366667,0.476283,-0.003405,0.180477,0.449656,0.000563,0.197693
492,16.400000,0.476190,-0.003504,0.180381,0.449590,0.000477,0.197610
493,16.433333,0.476264,-0.003490,0.180433,0.449649,0.000516,0.197655
494,16.466667,0.476225,-0.003447,0.180525,0.449599,0.000510,0.197738
495,16.500000,0.476235,-0.003528,0.180437,0.449637,0.000494,0.197666
496,16.533333,0.476243,-0.003466,0.180528,0.449622,0.000503,0.197743
497,16.566667,0.476237,-0.003494,0.180520,0.449631,0.000500,0.197743
498,16.600000,0.476231,-0.003514,0.180515,0.449621,0.000487,0.197731
499,16.633333,0.476247,-0.003482,0.180565,0.449633,0.000499,0.197781
500,16.666667,0.476232,-0.003513,0.180534,0.449629,0.000488,0.197752
501,16.700000,0.476242,-0.003508,0.180554,0.449635,0.000502,0.197771
502,16.733333,0.476232,-0.003492,0.180612,0.449612,0.000480,0.197822
503,16.766667,0.476183,-0.003628,0.180348,0.449622,0.000353,0.197454
504,16.800000,0.475953,-0.003855,0.179654,0.449461,0.000205,0.196658
505,16.833333,0.476212,-0.003892,0.178876,0.449793,0.000211,0.195883
506,16.866667,0.476393,-0.003886,0.177700,0.450142,0.000258,0.194767
507,16.900000,0.476597,-0.003759,0.176940,0.450348,0.000362,0.194012
508,16.933333,0.476505,-0.003839,0.176409,0.450427,0.000281,0.193437
509,16.966667,0.476440,-0.003859,0.176027,0.450549,0.000236,0.193039
510,17.000000,0.476344,-0.003796,0.175624,0.450595,0.000302,0.192603
511,17.033333,0.476454,-0.003763,0.175707,0.450659,0.000368,0.192735
512,17.066667,0.476473,-0.003793,0.175671,0.450654,0.000371,0.192704
513,17.100000,0.476525,-0.003860,0.175790,0.450663,0.000367,0.192789
514,17.133333,0.476501,-0.003855,0.175771,0.450636,0.000353,0.192784
515,17.166667,0.476528,-0.003846,0.175801,0.450662,0.000368,0.192818
516,17.200000,0.476513,-0.003862,0.175789,0.450651,0.000363,0.192810
517,17.233333,0.476533,-0.003835,0.175804,0.450669,0.000377,0.192831
518,17.266667,0.476518,-0.003846,0.175804,0.450653,0.000284,0.192870
519,17.300000,0.476536,-0.003840,0.175820,0.450659,0.000372,0.192846
520,17.333333,0.476533,-0.003846,0.175807,0.450651,0.000366,0.192832
521,17.366667,0.476548,-0.003841,0.175825,0.450663,0.000379,0.192848
522,17.400000,0.476536,-0.003843,0.175812,0.450650,0.000359,0.192846
523,17.433333,0.476545,-0.003835,0.175823,0.450659,0.000374,0.192860
524,17.466667,0.476538,-0.003839,0.175815,0.450655,0.000377,0.192848
525,17.500000,0.476546,-0.003835,0.175833,0.450664,0.000298,0.192906
526,17.533333,0.476629,-0.003835,0.175832,0.450739,0.000344,0.193000
527,17.566667,0.477151,-0.003320,0.176600,0.450811,0.000743,0.193974
528,17.600000,0.477242,-0.003223,0.177232,0.450844,0.000683,0.194743
529,17.633333,0.477044,-0.003472,0.178092,0.450623,0.000556,0.195510
530,17.666667,0.476756,-0.003154,0.179342,0.450325,0.000600,0.196763
531,17.700000,0.476597,-0.003159,0.180525,0.450099,0.000720,0.197937
532,17.733333,0.476258,-0.003093,0.181596,0.449688,0.000503,0.198928
533,17.766667,0.476645,-0.003308,0.182487,0.450064,0.000766,0.199753
534,17.800000,0.476732,-0.003258,0.184216,0.450206,0.000599,0.201649
535,17.833333,0.477082,-0.003247,0.185823,0.450487,0.000515,0.203178
536,17.866667,0.477315,-0.003557,0.186462,0.450738,0.000429,0.203798
537,17.900000,0.477346,-0.003428,0.186673,0.450733,0.000368,0.204045
538,17.933333,0.477376,-0.003449,0.186709,0.450794,0.000417,0.204118
539,17.966667,0.477361,-0.003554,0.186585,0.450795,0.000427,0.203958
540,18.000000,0.477370,-0.003440,0.186721,0.450795,0.000421,0.204119
541,18.033333,0.477369,-0.003485,0.186716,0.450797,0.000387,0.204109
542,18.066667,0.477363,-0.003532,0.186675,0.450800,0.000391,0.204089
543,18.100000,0.477358,-0.003458,0.186781,0.450805,0.000407,0.204160
544,18.133333,0.477349,-0.003510,0.186721,0.450804,0.000383,0.204114
545,18.166667,0.477356,-0.003491,0.186763,0.450843,0.000359,0.204168
546,18.200000,0.477356,-0.003475,0.186779,0.450804,0.000396,0.204172
547,18.233333,0.477374,-0.003512,0.186727,0.450806,0.000380,0.204133
548,18.266667,0.477369,-0.003482,0.186794,0.450846,0.000364,0.204205
549,18.300000,0.477303,-0.003459,0.186859,0.450747,0.000368,0.204206
550,18.333333,0.477312,-0.003782,0.186317,0.450712,0.000304,0.203441
551,18.366667,0.477152,-0.003937,0.185837,0.450715,0.000185,0.202921
552,18.400000,0.477328,-0.003881,0.184805,0.451034,0.000221,0.201887
553,18.433333,0.477424,-0.003838,0.183623,0.451306,0.000296,0.200704
554,18.466667,0.477658,-0.003793,0.182838,0.451591,0.000229,0.200011
555,18.500000,0.477473,-0.003807,0.182411,0.451567,0.000263,0.199492
556,18.533333,0.477594,-0.003847,0.182147,0.451773,0.000300,0.199233
557,18.566667,0.477525,-0.003877,0.181921,0.451768,0.000224,0.199003
558,18.600000,0.477596,-0.003791,0.182081,0.451809,0.000310,0.199176
559,18.633333,0.477512,-0.003833,0.181982,0.451775,0.000260,0.199095
560,18.666667,0.477637,-0.003787,0.182082,0.451840,0.000344,0.199202
561,18.700000,0.477586,-0.003817,0.182015,0.451795,0.000287,0.199145
562,18.733333,0.477636,-0.003778,0.182100,0.451826,0.000336,0.199226
563,18.766667,0.477593,-0.003797,0.182045,0.451792,0.000294,0.199179
564,18.800000,0.477645,-0.003785,0.182099,0.451831,0.000341,0.199231
565,18.833333,0.477612,-0.003801,0.182054,0.451801,0.000312,0.199190
566,18.866667,0.477649,-0.003781,0.182101,0.451823,0.000331,0.199239
567,18.900000,0.477620,-0.003796,0.182070,0.451800,0.000310,0.199209
568,18.933333,0.477649,-0.003783,0.182107,0.451825,0.000340,0.199244
569,18.966667,0.477624,-0.003797,0.182075,0.451803,0.000311,0.199213
570,19.000000,0.477650,-0.003779,0.182105,0.451820,0.000342,0.199249
571,19.033333,0.477631,-0.003789,0.182082,0.451804,0.000316,0.199230
572,19.066667,0.477663,-0.003781,0.182112,0.451820,0.000343,0.199262
573,19.100000,0.477965,-0.003663,0.182319,0.451913,0.000484,0.199590
574,19.133333,0.478283,-0.003281,0.182909,0.452023,0.000709,0.200491
575,19.166667,0.478143,-0.003382,0.183815,0.451901,0.000587,0.201437
576,19.200000,0.477910,-0.003350,0.184953,0.451573,0.000542,0.202430
577,19.233333,0.477792,-0.003166,0.185899,0.451413,0.000621,0.203468
578,19.266667,0.477510,-0.003216,0.186997,0.451067,0.000583,0.204497
579,19.300000,0.477528,-0.003247,0.188124,0.451074,0.000577,0.205627
580,19.333333,0.477785,-0.003236,0.189538,0.451330,0.000749,0.206963
581,19.366667,0.478039,-0.003289,0.191251,0.451507,0.000550,0.208728
582,19.400000,0.478315,-0.003540,0.192383,0.451741,0.000340,0.209834
583,19.433333,0.478378,-0.003501,0.192701,0.451895,0.000402,0.210203
584,19.466667,0.478458,-0.003408,0.192777,0.451934,0.000437,0.210285
585,19.500000,0.478408,-0.003532,0.192657,0.451916,0.000387,0.210166
586,19.533333,0.478458,-0.003465,0.192765,0.451942,0.000419,0.210272
587,19.566667,0.478445,-0.003459,0.192821,0.451936,0.000411,0.210337
588,19.600000,0.478432,-0.003520,0.192765,0.451939,0.000401,0.210280
589,19.633333,0.478466,-0.003455,0.192856,0.451952,0.000428,0.210368
590,19.666667,0.478451,-0.003484,0.192854,0.451948,0.000401,0.210369
591,19.700000,0.478445,-0.003494,0.192852,0.451948,0.000406,0.210364
592,19.733333,0.478461,-0.003564,0.192961,0.451961,0.000412,0.210419
593,19.766667,0.478455,-0.003494,0.192883,0.451953,0.000399,0.210401
594,19.800000,0.478456,-0.003577,0.192969,0.451957,0.000412,0.210427
595,19.833333,0.478461,-0.003568,0.192978,0.451953,0.000414,0.210453
596,19.866667,0.478326,-0.003521,0.192886,0.451940,0.000374,0.210272
597,19.900000,0.478200,-0.003843,0.192289,0.451765,0.000185,0.209517
598,19.933333,0.478417,-0.003942,0.191544,0.452071,0.000176,0.208748
599,19.966667,0.478558,-0.003902,0.190412,0.452331,0.000243,0.207631
600,20.000000,0.478725,-0.003870,0.189501,0.452584,0.000273,0.206744
601,20.033333,0.478613,-0.003880,0.188961,0.452658,0.000236,0.206140
602,20.066667,0.478540,-0.003841,0.188589,0.452741,0.000185,0.205771
603,20.100000,0.478541,-0.003903,0.188144,0.452817,0.000243,0.205280
604,20.133333,0.478602,-0.003852,0.188167,0.452884,0.000301,0.205337
605,20.166667,0.478641,-0.003834,0.188165,0.452883,0.000264,0.205380
606,20.200000,0.478676,-0.003809,0.188201,0.452895,0.000289,0.205409
607,20.233333,0.478701,-0.003819,0.188209,0.452903,0.000292,0.205439
608,20.266667,0.478713,-0.003806,0.188209,0.452899,0.000295,0.205451
609,20.300000,0.478710,-0.003797,0.188219,0.452892,0.000291,0.205459
610,20.333333,0.478721,-0.003804,0.188229,0.452896,0.000294,0.205469
611,20.366667,0.478725,-0.003798,0.188227,0.452899,0.000305,0.205478
612,20.400000,0.478733,-0.003794,0.188233,0.452905,0.000305,0.205481
613,20.433333,0.478730,-0.003795,0.188232,0.452901,0.000308,0.205485
614,20.466667,0.478737,-0.003792,0.188233,0.452900,0.000303,0.205488
615,20.500000,0.478733,-0.003791,0.188239,0.452899,0.000312,0.205493
616,20.533333,0.478740,-0.003795,0.188243,0.452902,0.000313,0.205497
617,20.566667,0.478743,-0.003785,0.188241,0.452901,0.000305,0.205503
618,20.600000,0.478741,-0.003788,0.188245,0.452902,0.000312,0.205503
619,20.633333,0.478783,-0.003793,0.188234,0.452934,0.000328,0.205556
620,20.666667,0.479205,-0.003383,0.188781,0.453144,0.000580,0.206367
621,20.700000,0.479266,-0.003303,0.189431,0.453085,0.000764,0.207087
622,20.733333,0.479079,-0.003528,0.190421,0.452824,0.000510,0.208073
623,20.766667,0.478866,-0.003286,0.191753,0.452499,0.000583,0.209308
624,20.800000,0.478743,-0.003171,0.192688,0.452333,0.000650,0.210313
625,20.833333,0.478434,-0.003305,0.193596,0.452008,0.000538,0.211071
626,20.866667,0.478580,-0.003312,0.194600,0.452226,0.000789,0.212132
627,20.900000,0.478772,-0.003200,0.196509,0.452434,0.000711,0.214113
628,20.933333,0.479336,-0.003357,0.198114,0.452837,0.000504,0.215663
629,20.966667,0.479446,-0.003666,0.198719,0.453026,0.000391,0.216242
630,21.000000,0.479560,-0.003514,0.198968,0.453113,0.000478,0.216524
631,21.033333,0.479568,-0.003539,0.199032,0.453141,0.000461,0.216630
632,21.066667,0.479552,-0.003658,0.198876,0.453156,0.000452,0.216423
633,21.100000,0.479563,-0.003543,0.199037,0.453153,0.000463,0.216627
634,21.133333,0.479570,-0.003580,0.199056,0.453158,0.000372,0.216682
635,21.166667,0.479559,-0.003637,0.198991,0.453164,0.000426,0.216572
636,21.200000,0.479579,-0.003562,0.199110,0.453160,0.000377,0.216745
637,21.233333,0.479571,-0.003625,0.199049,0.453171,0.000361,0.216684
638,21.266667,0.479566,-0.003606,0.199067,0.453166,0.000424,0.216660
639,21.300000,0.479580,-0.003583,0.199123,0.453171,0.000369,0.216762
640,21.333333,0.479572,-0.003632,0.199071,0.453173,0.000346,0.216705
641,21.366667,0.479580,-0.003599,0.199119,0.453176,0.000365,0.216756
642,21.400000,0.479508,-0.003561,0.199178,0.453118,0.000330,0.216780
643,21.433333,0.479561,-0.003800,0.198770,0.453165,0.000361,0.216147
644,21.466667,0.479389,-0.003845,0.198312,0.453010,0.000153,0.215686
645,21.500000,0.479558,-0.003999,0.197271,0.453327,0.000200,0.214618
646,21.533333,0.479731,-0.003963,0.196213,0.453633,0.000319,0.213550
647,21.566667,0.479848,-0.003848,0.195338,0.453886,0.000264,0.212729
648,21.600000,0.479803,-0.003878,0.194807,0.453993,0.000272,0.212145
649,21.633333,0.479827,-0.003912,0.194520,0.454165,0.000287,0.211866
650,21.666667,0.479713,-0.003979,0.194256,0.454116,0.000173,0.211551
651,21.700000,0.479808,-0.003884,0.194402,0.454193,0.000276,0.211753
652,21.733333,0.479780,-0.003934,0.194325,0.454146,0.000221,0.211679
653,21.766667,0.479873,-0.003870,0.194424,0.454213,0.000305,0.211803
654,21.800000,0.479817,-0.003905,0.194352,0.454170,0.000258,0.211739
655,21.833333,0.479868,-0.003861,0.194431,0.454211,0.000313,0.211820
656,21.866667,0.479824,-0.003895,0.194382,0.454175,0.000268,0.211771
657,21.900000,0.479874,-0.003851,0.194434,0.454211,0.000315,0.211832
658,21.933333,0.479842,-0.003877,0.194391,0.454178,0.000278,0.211791
659,21.966667,0.479877,-0.003857,0.194435,0.454209,0.000311,0.211839
660,22.000000,0.479856,-0.003879,0.194402,0.454185,0.000290,0.211805
661,22.033333,0.479882,-0.003855,0.194436,0.454209,0.000310,0.211842
662,22.066667,0.479857,-0.003876,0.194410,0.454186,0.000285,0.211814
663,22.100000,0.479884,-0.003853,0.194437,0.454205,0.000311,0.211843
664,22.133333,0.479863,-0.003865,0.194418,0.454190,0.000292,0.211825
665,22.166667,0.479882,-0.003855,0.194439,0.454207,0.000309,0.211848
666,22.200000,0.480064,-0.003802,0.194535,0.454251,0.000416,0.212030
667,22.233333,0.480486,-0.003413,0.195166,0.454344,0.000577,0.213016
668,22.266667,0.480462,-0.003311,0.196029,0.454273,0.000695,0.213829
669,22.300000,0.480240,-0.003501,0.196864,0.454051,0.000471,0.214651
670,22.333333,0.479999,-0.003255,0.198049,0.453758,0.000565,0.215816
671,22.366667,0.479784,-0.003186,0.199281,0.453488,0.000635,0.217025
672,22.400000,0.479763,-0.003277,0.200329,0.453436,0.000592,0.218063
673,22.433333,0.480011,-0.003236,0.201373,0.453740,0.000693,0.219075
674,22.466667,0.480333,-0.003284,0.202805,0.454001,0.000645,0.220544
675,22.500000,0.480500,-0.003353,0.204170,0.454139,0.000438,0.221831
676,22.533333,0.480718,-0.003556,0.204729,0.454409,0.000379,0.222456
677,22.566667,0.480700,-0.003466,0.204899,0.454393,0.000398,0.222583
678,22.600000,0.480696,-0.003540,0.204837,0.454420,0.000382,0.222533
679,22.633333,0.480723,-0.003547,0.204836,0.454442,0.000389,0.222520
680,22.666667,0.480700,-0.003504,0.204941,0.454427,0.000393,0.222631
681,22.700000,0.480729,-0.003560,0.204895,0.454450,0.000381,0.222577
682,22.733333,0.480737,-0.003544,0.204926,0.454452,0.000389,0.222612
683,22.766667,0.480708,-0.003521,0.204972,0.454435,0.000386,0.222664
684,22.800000,0.480732,-0.003559,0.204938,0.454450,0.000380,0.222636
685,22.833333,0.480730,-0.003531,0.204983,0.454451,0.000391,0.222678
686,22.866667,0.480732,-0.003550,0.204992,0.454453,0.000386,0.222690
687,22.900000,0.480725,-0.003559,0.204989,0.454456,0.000384,0.222683
688,22.933333,0.480730,-0.003546,0.205016,0.454457,0.000384,0.222715
689,22.966667,0.480567,-0.003470,0.205091,0.454415,0.000332,0.222718
690,23.000000,0.480553,-0.003882,0.204493,0.454321,0.000163,0.221945
691,23.033333,0.480696,-0.003924,0.203822,0.454498,0.000161,0.221245
692,23.066667,0.480860,-0.004002,0.202759,0.454850,0.000212,0.220203
693,23.100000,0.480914,-0.003899,0.201890,0.455029,0.000232,0.219357
694,23.133333,0.480934,-0.003804,0.201201,0.455147,0.000214,0.218707
695,23.166667,0.480946,-0.003872,0.200715,0.455273,0.000149,0.218226
696,23.200000,0.480985,-0.003927,0.200298,0.455411,0.000280,0.217686
697,23.233333,0.480966,-0.003916,0.200233,0.455417,0.000256,0.217634
698,23.266667,0.481000,-0.003869,0.200301,0.455452,0.000302,0.217724
699,23.300000,0.480980,-0.003893,0.200271,0.455447,0.000290,0.217709
700,23.333333,0.481032,-0.003864,0.200322,0.455479,0.000329,0.217776
701,23.366667,0.481008,-0.003875,0.200293,0.455454,0.000311,0.217744
702,23.400000,0.481034,-0.003859,0.200336,0.455463,0.000320,0.217796
703,23.433333,0.481025,-0.003865,0.200315,0.455450,0.000315,0.217770
704,23.466667,0.481056,-0.003852,0.200339,0.455473,0.000326,0.217807
705,23.500000,0.481038,-0.003867,0.200320,0.455459,0.000316,0.217782
706,23.533333,0.481057,-0.003854,0.200343,0.455472,0.000332,0.217819
707,23.566667,0.481041,-0.003854,0.200327,0.455455,0.000312,0.217800
708,23.600000,0.481059,-0.003848,0.200340,0.455469,0.000331,0.217819
709,23.633333,0.481056,-0.003857,0.200337,0.455462,0.000326,0.217809
710,23.666667,0.481061,-0.003844,0.200345,0.455464,0.000329,0.217824
711,23.700000,0.481056,-0.003852,0.200344,0.455463,0.000331,0.217819
712,23.733333,0.481098,-0.003840,0.200345,0.455511,0.000366,0.217875
713,23.766667,0.481440,-0.003617,0.200706,0.455603,0.000466,0.218493
714,23.800000,0.481619,-0.003291,0.201337,0.455636,0.000755,0.219247
715,23.833333,0.481509,-0.003440,0.202358,0.455474,0.000533,0.220313
716,23.866667,0.481237,-0.003386,0.203469,0.455136,0.000388,0.221341
717,23.900000,0.481154,-0.003264,0.204505,0.454984,0.000520,0.222413
718,23.933333,0.480669,-0.003181,0.205638,0.454441,0.000553,0.223362
719,23.966667,0.480888,-0.003280,0.206659,0.454684,0.000623,0.224443
720,24.000000,0.481178,-0.003238,0.208085,0.454950,0.000665,0.225903
721,24.033333,0.481528,-0.003308,0.209713,0.455248,0.000551,0.227501
722,24.066667,0.481800,-0.003555,0.210612,0.455534,0.000355,0.228417
723,24.100000,0.481845,-0.003532,0.210905,0.455625,0.000413,0.228741
724,24.133333,0.481922,-0.003485,0.210999,0.455688,0.000480,0.228827
725,24.166667,0.481867,-0.003604,0.210903,0.455662,0.000397,0.228738
726,24.200000,0.481923,-0.003528,0.211022,0.455702,0.000454,0.228855
727,24.233333,0.481904,-0.003530,0.211083,0.455678,0.000419,0.228930
728,24.266667,0.481900,-0.003601,0.211024,0.455700,0.000417,0.228865
729,24.300000,0.481920,-0.003523,0.211132,0.455697,0.000437,0.228974
730,24.333333,0.481913,-0.003570,0.211119,0.455697,0.000410,0.228967
731,24.366667,0.481917,-0.003576,0.211115,0.455699,0.000407,0.228965
732,24.400000,0.481918,-0.003539,0.211182,0.455699,0.000423,0.229029
733,24.433333,0.481916,-0.003580,0.211149,0.455704,0.000404,0.229003
734,24.466667,0.481926,-0.003557,0.211176,0.455708,0.000417,0.229025
735,24.500000,0.481918,-0.003574,0.211245,0.455693,0.000406,0.229076
736,24.533333,0.481831,-0.003651,0.211058,0.455687,0.000335,0.228749
737,24.566667,0.481540,-0.003859,0.210517,0.455492,0.000041,0.228085
738,24.600000,0.481865,-0.004015,0.209632,0.455812,0.000167,0.227203
739,24.633333,0.482003,-0.003978,0.208546,0.456057,0.000221,0.226112
740,24.666667,0.482195,-0.003905,0.207573,0.456366,0.000173,0.225210
741,24.700000,0.482190,-0.003890,0.206917,0.456498,0.000227,0.224520
742,24.733333,0.482093,-0.003860,0.206637,0.456569,0.000203,0.224185
743,24.766667,0.482035,-0.003921,0.206296,0.456604,0.000122,0.223848
744,24.800000,0.482149,-0.003824,0.206391,0.456697,0.000217,0.223962
745,24.833333,0.482148,-0.003871,0.206338,0.456671,0.000190,0.223937
746,24.866667,0.482212,-0.003813,0.206431,0.456696,0.000231,0.224014
747,24.900000,0.482183,-0.003827,0.206388,0.456672,0.000214,0.223982
748,24.933333,0.482227,-0.003809,0.206436,0.456704,0.000243,0.224034
749,24.966667,0.482200,-0.003820,0.206401,0.456680,0.000222,0.224010
750,25.000000,0.482234,-0.003801,0.206440,0.456703,0.000251,0.224052
751,25.033333,0.482206,-0.003804,0.206417,0.456680,0.000229,0.224032
752,25.066667,0.482237,-0.003802,0.206442,0.456701,0.000254,0.224051
753,25.100000,0.482222,-0.003802,0.206424,0.456690,0.000243,0.224038
754,25.133333,0.482242,-0.003802,0.206444,0.456699,0.000252,0.224057
755,25.166667,0.482226,-0.003807,0.206439,0.456690,0.000239,0.224054
756,25.200000,0.482242,-0.003798,0.206449,0.456698,0.000251,0.224062
757,25.233333,0.482232,-0.003810,0.206438,0.456688,0.000244,0.224052
758,25.266667,0.482247,-0.003799,0.206454,0.456701,0.000249,0.224078
759,25.300000,0.482287,-0.003800,0.206437,0.456751,0.000278,0.224114
760,25.333333,0.482764,-0.003483,0.206999,0.456928,0.000572,0.225034
761,25.366667,0.482887,-0.003277,0.207811,0.456977,0.000661,0.225908
762,25.400000,0.482688,-0.003615,0.208684,0.456658,0.000364,0.226772
763,25.433333,0.482424,-0.003218,0.209968,0.456394,0.000431,0.228046
764,25.466667,0.482393,-0.003140,0.211136,0.456266,0.000712,0.229138
765,25.500000,0.482080,-0.003324,0.212181,0.455966,0.000522,0.230112
766,25.533333,0.482351,-0.003375,0.212997,0.456304,0.000658,0.230961
767,25.566667,0.482551,-0.003248,0.214703,0.456507,0.000636,0.232683
768,25.600000,0.482946,-0.003350,0.216211,0.456765,0.000544,0.234135
769,25.633333,0.483168,-0.003567,0.216714,0.457032,0.000284,0.234806
770,25.666667,0.483203,-0.003557,0.216992,0.457034,0.000353,0.235015
771,25.700000,0.483258,-0.003587,0.217048,0.457121,0.000406,0.235091
772,25.733333,0.483226,-0.003654,0.216942,0.457102,0.000352,0.234970
773,25.766667,0.483239,-0.003591,0.217078,0.457117,0.000401,0.235111
774,25.800000,0.483243,-0.003620,0.217098,0.457112,0.000377,0.235128
775,25.833333,0.483232,-0.003649,0.217054,0.457117,0.000369,0.235082
776,25.866667,0.483259,-0.003611,0.217151,0.457127,0.000400,0.235182
777,25.900000,0.483253,-0.003656,0.217110,0.457128,0.000383,0.235146
778,25.933333,0.483240,-0.003642,0.217131,0.457125,0.000375,0.235162
779,25.966667,0.483261,-0.003638,0.217177,0.457137,0.000406,0.235208
780,26.000000,0.483256,-0.003663,0.217139,0.457127,0.000380,0.235174
781,26.033333,0.483269,-0.003644,0.217174,0.457139,0.000393,0.235211
782,26.066667,0.483131,-0.003597,0.217206,0.457074,0.000323,0.235175
783,26.100000,0.483101,-0.003824,0.216801,0.457033,0.000215,0.234591
784,26.133333,0.483086,-0.003988,0.216203,0.457121,0.000223,0.233957
785,26.166667,0.483165,-0.003930,0.215078,0.457333,0.000170,0.232829
786,26.200000,0.483361,-0.003999,0.214102,0.457720,0.000112,0.231955
787,26.233333,0.483476,-0.003911,0.213264,0.457905,0.000185,0.231089
788,26.266667,0.483437,-0.003937,0.212784,0.457952,0.000212,0.230538
789,26.300000,0.483476,-0.003931,0.212398,0.458121,0.000262,0.230180
790,26.333333,0.483396,-0.003971,0.212213,0.458090,0.000172,0.229982
791,26.366667,0.483475,-0.003885,0.212341,0.458155,0.000260,0.230128
792,26.400000,0.483444,-0.003945,0.212259,0.458127,0.000225,0.230077
793,26.433333,0.483504,-0.003868,0.212353,0.458186,0.000296,0.230171
794,26.466667,0.483456,-0.003894,0.212302,0.458141,0.000250,0.230127
795,26.500000,0.483496,-0.003860,0.212367,0.458172,0.000300,0.230191
796,26.533333,0.483466,-0.003888,0.212324,0.458148,0.000263,0.230152
797,26.566667,0.483509,-0.003860,0.212368,0.458183,0.000304,0.230203
798,26.600000,0.483480,-0.003879,0.212334,0.458152,0.000273,0.230171
799,26.633333,0.483511,-0.003863,0.212374,0.458178,0.000308,0.230205
800,26.666667,0.483490,-0.003875,0.212350,0.458157,0.000280,0.230183
801,26.700000,0.483512,-0.003861,0.212374,0.458173,0.000304,0.230212
802,26.733333,0.483498,-0.003872,0.212353,0.458160,0.000287,0.230196
803,26.766667,0.483516,-0.003860,0.212375,0.458173,0.000308,0.230221
804,26.800000,0.483499,-0.003866,0.212355,0.458162,0.000292,0.230199
805,26.833333,0.483525,-0.003865,0.212377,0.458171,0.000310,0.230229
806,26.866667,0.483793,-0.003685,0.212537,0.458248,0.000434,0.230544
807,26.900000,0.484136,-0.003337,0.213354,0.458390,0.000744,0.231617
808,26.933333,0.483974,-0.003360,0.214172,0.458248,0.000483,0.232510
809,26.966667,0.483922,-0.003536,0.215157,0.458059,0.000462,0.233360
810,27.000000,0.483661,-0.003280,0.216331,0.457791,0.000599,0.234558
811,27.033333,0.483412,-0.003223,0.217599,0.457380,0.000690,0.235637
812,27.066667,0.483415,-0.003385,0.218469,0.457377,0.000543,0.236573
813,27.100000,0.483753,-0.003308,0.219514,0.457721,0.000611,0.237642
814,27.133333,0.484034,-0.003451,0.221105,0.458044,0.000552,0.239260
815,27.166667,0.484386,-0.003462,0.222406,0.458276,0.000429,0.240509
816,27.200000,0.484513,-0.003641,0.222796,0.458491,0.000379,0.240940
817,27.233333,0.484538,-0.003515,0.222936,0.458521,0.000427,0.241055
818,27.266667,0.484533,-0.003564,0.222954,0.458527,0.000422,0.241093
819,27.300000,0.484570,-0.003623,0.222892,0.458553,0.000416,0.241045
820,27.333333,0.484544,-0.003528,0.223026,0.458542,0.000429,0.241157
821,27.366667,0.484565,-0.003564,0.223016,0.458563,0.000424,0.241149
822,27.400000,0.484557,-0.003568,0.223020,0.458556,0.000420,0.241147
823,27.433333,0.484561,-0.003553,0.223075,0.458566,0.000426,0.241216
824,27.466667,0.484567,-0.003571,0.223077,0.458563,0.000419,0.241220
825,27.500000,0.484570,-0.003572,0.223095,0.458567,0.000421,0.241237
826,27.533333,0.484572,-0.003564,0.223136,0.458567,0.000413,0.241282
827,27.566667,0.484574,-0.003585,0.223123,0.458578,0.000418,0.241264
828,27.600000,0.484578,-0.003573,0.223142,0.458580,0.000422,0.241282
829,27.633333,0.484462,-0.003514,0.223188,0.458546,0.000367,0.241256
830,27.666667,0.484375,-0.003939,0.222565,0.458407,0.000116,0.240494
831,27.700000,0.484504,-0.004013,0.221856,0.458564,0.000178,0.239689
832,27.733333,0.484636,-0.004020,0.220735,0.458822,0.000226,0.238660
833,27.766667,0.484738,-0.003960,0.219804,0.459094,0.000154,0.237715
834,27.800000,0.484761,-0.003982,0.219047,0.459297,0.000264,0.236945
835,27.833333,0.484701,-0.003966,0.218649,0.459382,0.000165,0.236547
836,27.866667,0.484707,-0.003984,0.218363,0.459448,0.000100,0.236257
837,27.900000,0.484738,-0.003965,0.218324,0.459513,0.000135,0.236254
838,27.933333,0.484744,-0.003932,0.218353,0.459534,0.000165,0.236295
839,27.966667,0.484750,-0.003921,0.218370,0.459525,0.000168,0.236321
840,28.000000,0.484776,-0.003916,0.218384,0.459530,0.000183,0.236346
841,28.033333,0.484809,-0.003920,0.218362,0.459538,0.000216,0.236355
842,28.066667,0.484801,-0.003911,0.218394,0.459535,0.000213,0.236374
843,28.100000,0.484803,-0.003912,0.218392,0.459530,0.000213,0.236371
844,28.133333,0.484827,-0.003904,0.218405,0.459536,0.000223,0.236387
845,28.166667,0.484816,-0.003918,0.218396,0.459538,0.000219,0.236386
846,28.200000,0.484833,-0.003905,0.218407,0.459537,0.000222,0.236389
847,28.233333,0.484850,-0.003906,0.218394,0.459537,0.000220,0.236392
848,28.266667,0.484851,-0.003907,0.218396,0.459539,0.000226,0.236394
849,28.300000,0.484837,-0.003901,0.218416,0.459539,0.000226,0.236398
850,28.333333,0.484839,-0.003901,0.218419,0.459538,0.000229,0.236400
851,28.366667,0.484845,-0.003896,0.218416,0.459539,0.000230,0.236401
852,28.400000,0.484886,-0.003914,0.218393,0.459553,0.000243,0.236428
853,28.433333,0.485334,-0.003586,0.218915,0.459695,0.000531,0.237139
854,28.466667,0.485451,-0.003357,0.219479,0.459825,0.000642,0.237947
855,28.500000,0.485310,-0.003587,0.220422,0.459578,0.000479,0.238833
856,28.533333,0.485112,-0.003384,0.221795,0.459277,0.000489,0.240107
857,28.566667,0.485058,-0.003269,0.222860,0.459153,0.000656,0.241171
858,28.600000,0.484746,-0.003304,0.223720,0.458845,0.000451,0.242003
859,28.633333,0.484901,-0.003335,0.224660,0.459037,0.000663,0.242901
860,28.666667,0.485168,-0.003255,0.226244,0.459370,0.000588,0.244600
861,28.700000,0.485673,-0.003333,0.227933,0.459682,0.000455,0.246259
862,28.733333,0.485892,-0.003660,0.228655,0.459929,0.000315,0.246953
863,28.766667,0.485944,-0.003606,0.228800,0.460008,0.000336,0.247172
864,28.800000,0.485981,-0.003588,0.228899,0.460043,0.000373,0.247284
865,28.833333,0.485957,-0.003673,0.228788,0.460063,0.000327,0.247174
866,28.866667,0.485964,-0.003600,0.228908,0.460050,0.000363,0.247296
867,28.900000,0.485978,-0.003622,0.228927,0.460057,0.000364,0.247320
868,28.933333,0.485934,-0.003636,0.228906,0.460055,0.000340,0.247285
869,28.966667,0.485979,-0.003606,0.228973,0.460069,0.000374,0.247363
870,29.000000,0.485970,-0.003646,0.228952,0.460071,0.000364,0.247351
871,29.033333,0.485961,-0.003636,0.228964,0.460067,0.000355,0.247363
872,29.066667,0.485965,-0.003587,0.229023,0.460074,0.000378,0.247404
873,29.100000,0.485959,-0.003621,0.229000,0.460077,0.000349,0.247386
874,29.133333,0.485977,-0.003626,0.229010,0.460078,0.000366,0.247413
875,29.166667,0.485924,-0.003566,0.229098,0.460048,0.000355,0.247466
876,29.200000,0.485958,-0.003810,0.228722,0.460090,0.000275,0.246929
877,29.233333,0.485716,-0.004071,0.228164,0.459965,0.000145,0.246241
878,29.266667,0.485851,-0.003978,0.227335,0.460131,0.000107,0.245427
879,29.300000,0.485973,-0.003977,0.226258,0.460386,0.000115,0.244387
880,29.333333,0.486106,-0.003984,0.225429,0.460651,0.000157,0.243520
881,29.366667,0.486096,-0.003906,0.224771,0.460723,0.000154,0.242849
882,29.400000,0.486097,-0.003980,0.224427,0.460904,0.000205,0.242468
883,29.433333,0.485980,-0.004050,0.224120,0.460892,0.000134,0.242157
884,29.466667,0.486088,-0.003920,0.224272,0.460959,0.000211,0.242329
885,29.500000,0.486077,-0.004022,0.224176,0.460934,0.000176,0.242250
886,29.533333,0.486174,-0.003931,0.224285,0.461009,0.000243,0.242371
887,29.566667,0.486112,-0.003949,0.224224,0.460946,0.000199,0.242311
888,29.600000,0.486160,-0.003904,0.224304,0.460986,0.000232,0.242395
889,29.633333,0.486114,-0.003940,0.224250,0.460950,0.000200,0.242349
890,29.666667,0.486171,-0.003908,0.224300,0.460999,0.000239,0.242402
891,29.700000,0.486133,-0.003930,0.224259,0.460964,0.000218,0.242361
892,29.733333,0.486169,-0.003903,0.224303,0.460994,0.000239,0.242414
893,29.766667,0.486141,-0.003923,0.224273,0.460959,0.000209,0.242385
894,29.800000,0.486174,-0.003901,0.224302,0.460992,0.000239,0.242420
895,29.833333,0.486153,-0.003919,0.224281,0.460969,0.000223,0.242392
896,29.866667,0.486175,-0.003903,0.224303,0.460989,0.000244,0.242419
897,29.900000,0.486155,-0.003917,0.224288,0.460968,0.000218,0.242401
898,29.933333,0.486170,-0.003900,0.224310,0.460990,0.000233,0.242430
899,29.966667,0.486320,-0.003887,0.224342,0.461045,0.000305,0.242570
900,30.000000,0.486712,-0.003408,0.225144,0.461201,0.000620,0.243712
901,30.033333,0.486850,-0.003380,0.225749,0.461209,0.000643,0.244313
902,30.066667,0.486643,-0.003626,0.226776,0.460985,0.000420,0.245312
903,30.100000,0.486476,-0.003233,0.228028,0.460771,0.000536,0.246587
904,30.133333,0.486360,-0.003205,0.229189,0.460532,0.000603,0.247654
905,30.166667,0.486147,-0.003382,0.229995,0.460349,0.000348,0.248505
906,30.200000,0.486427,-0.003390,0.230899,0.460691,0.000637,0.249374
907,30.233333,0.486731,-0.003316,0.232753,0.460990,0.000596,0.251238
908,30.266667,0.487101,-0.003421,0.234339,0.461290,0.000327,0.252793
909,30.300000,0.487325,-0.003649,0.234762,0.461565,0.000320,0.253248
910,30.333333,0.487398,-0.003549,0.235004,0.461591,0.000388,0.253451
911,30.366667,0.487390,-0.003588,0.235006,0.461615,0.000378,0.253482
912,30.400000,0.487424,-0.003672,0.234893,0.461657,0.000385,0.253349
913,30.433333,0.487383,-0.003576,0.235044,0.461619,0.000391,0.253514
914,30.466667,0.487421,-0.003632,0.235007,0.461650,0.000376,0.253470
915,30.500000,0.487399,-0.003647,0.234988,0.461639,0.000362,0.253448
916,30.533333,0.487412,-0.003595,0.235071,0.461640,0.000375,0.253542
917,30.566667,0.487406,-0.003658,0.235004,0.461646,0.000363,0.253476
918,30.600000,0.487413,-0.003628,0.235043,0.461650,0.000373,0.253510
919,30.633333,0.487414,-0.003616,0.235072,0.461647,0.000365,0.253548
920,30.666667,0.487406,-0.003656,0.235020,0.461650,0.000363,0.253494
921,30.700000,0.487425,-0.003619,0.235072,0.461659,0.000374,0.253546
922,30.733333,0.487287,-0.003564,0.235165,0.461576,0.000325,0.253564
923,30.766667,0.487266,-0.003878,0.234534,0.461479,0.000068,0.252820
924,30.800000,0.487254,-0.004053,0.233985,0.461530,0.000093,0.252132
925,30.833333,0.487323,-0.004012,0.232883,0.461771,0.000031,0.251124
926,30.866667,0.487411,-0.003980,0.231847,0.461964,0.000098,0.250094
927,30.900000,0.487526,-0.003964,0.231089,0.462234,0.000230,0.249297
928,30.933333,0.487375,-0.003974,0.230632,0.462241,0.000138,0.248866
929,30.966667,0.487449,-0.003982,0.230402,0.462351,0.000107,0.248597
930,31.000000,0.487458,-0.004034,0.230198,0.462377,0.000139,0.248353
931,31.033333,0.487491,-0.003935,0.230336,0.462437,0.000153,0.248573
932,31.066667,0.487414,-0.003991,0.230252,0.462402,0.000176,0.248462
933,31.100000,0.487510,-0.003925,0.230351,0.462466,0.000187,0.248610
934,31.133333,0.487470,-0.003982,0.230273,0.462421,0.000190,0.248504
935,31.166667,0.487516,-0.003909,0.230362,0.462456,0.000188,0.248635
936,31.200000,0.487478,-0.003942,0.230306,0.462418,0.000132,0.248576
937,31.233333,0.487529,-0.003914,0.230356,0.462456,0.000196,0.248640
938,31.266667,0.487495,-0.003939,0.230315,0.462426,0.000149,0.248596
939,31.300000,0.487531,-0.003916,0.230360,0.462452,0.000190,0.248644
940,31.333333,0.487501,-0.003935,0.230329,0.462428,0.000160,0.248606
941,31.366667,0.487529,-0.003921,0.230356,0.462453,0.000191,0.248644
942,31.400000,0.487511,-0.003926,0.230333,0.462433,0.000165,0.248616
943,31.433333,0.487534,-0.003914,0.230359,0.462452,0.000191,0.248654
944,31.466667,0.487514,-0.003930,0.230339,0.462437,0.000174,0.248628
945,31.500000,0.487554,-0.003913,0.230360,0.462476,0.000216,0.248675
946,31.533333,0.487889,-0.003693,0.230609,0.462613,0.000359,0.249134
947,31.566667,0.488138,-0.003426,0.231306,0.462731,0.000717,0.249960
948,31.600000,0.488074,-0.003460,0.232202,0.462629,0.000478,0.250954
949,31.633333,0.487939,-0.003446,0.233317,0.462361,0.000431,0.251969
950,31.666667,0.487875,-0.003336,0.234403,0.462276,0.000562,0.253083
951,31.700000,0.487611,-0.003317,0.235591,0.461948,0.000450,0.254153
952,31.733333,0.487747,-0.003384,0.236529,0.462135,0.000607,0.255100
953,31.766667,0.488124,-0.003302,0.237779,0.462525,0.000663,0.256421
954,31.800000,0.488488,-0.003453,0.239490,0.462767,0.000422,0.258113
955,31.833333,0.488789,-0.003551,0.240323,0.463066,0.000428,0.258947
956,31.866667,0.488809,-0.003678,0.240551,0.463201,0.000410,0.259207
957,31.900000,0.488852,-0.003657,0.240618,0.463227,0.000433,0.259257
958,31.933333,0.488846,-0.003718,0.240575,0.463223,0.000404,0.259218
959,31.966667,0.488872,-0.003686,0.240631,0.463237,0.000413,0.259274
960,32.000000,0.488877,-0.003687,0.240687,0.463233,0.000413,0.259343
961,32.033333,0.488869,-0.003722,0.240657,0.463244,0.000404,0.259307
962,32.066667,0.488892,-0.003694,0.240702,0.463252,0.000415,0.259353
963,32.100000,0.488886,-0.003705,0.240719,0.463271,0.000326,0.259433
964,32.133333,0.488890,-0.003727,0.240709,0.463276,0.000316,0.259424
965,32.166667,0.488893,-0.003708,0.240767,0.463266,0.000314,0.259484
966,32.200000,0.488895,-0.003722,0.240785,0.463270,0.000312,0.259502
967,32.233333,0.488897,-0.003722,0.240782,0.463277,0.000318,0.259503
968,32.266667,0.488904,-0.003716,0.240813,0.463272,0.000316,0.259537
969,32.300000,0.488808,-0.003745,0.240698,0.463277,0.000334,0.259198
970,32.333333,0.488630,-0.003935,0.239994,0.463056,0.000125,0.258429
971,32.366667,0.488818,-0.004080,0.239332,0.463310,0.000129,0.257709
972,32.400000,0.488864,-0.004033,0.238229,0.463530,0.000057,0.256663
973,32.433333,0.489013,-0.003938,0.237354,0.463731,0.000148,0.255768
974,32.466667,0.488974,-0.004003,0.236624,0.463829,0.000149,0.254991
975,32.500000,0.488942,-0.003981,0.236354,0.463912,0.000134,0.254672
976,32.533333,0.488872,-0.004012,0.235941,0.463959,0.000069,0.254313
977,32.566667,0.488957,-0.003895,0.236001,0.464059,0.000159,0.254399
978,32.600000,0.488941,-0.003919,0.235968,0.464039,0.000142,0.254378
979,32.633333,0.488993,-0.003857,0.236042,0.464074,0.000188,0.254452
980,32.666667,0.488979,-0.003896,0.236002,0.464049,0.000163,0.254431
981,32.700000,0.489008,-0.003848,0.236052,0.464080,0.000194,0.254472
982,32.733333,0.488990,-0.003884,0.236017,0.464048,0.000164,0.254456
983,32.766667,0.489021,-0.003834,0.236060,0.464080,0.000207,0.254487
984,32.800000,0.489009,-0.003876,0.236028,0.464057,0.000177,0.254472
985,32.833333,0.489021,-0.003836,0.236061,0.464078,0.000195,0.254491
986,32.866667,0.489007,-0.003838,0.236045,0.464060,0.000185,0.254478
987,32.900000,0.489031,-0.003854,0.236054,0.464084,0.000204,0.254506
988,32.933333,0.489013,-0.003852,0.236051,0.464061,0.000182,0.254486
989,32.966667,0.489029,-0.003834,0.236071,0.464079,0.000207,0.254509
990,33.000000,0.489019,-0.003842,0.236055,0.464065,0.000185,0.254489
991,33.033333,0.489033,-0.003829,0.236066,0.464082,0.000209,0.254514
992,33.066667,0.489116,-0.003829,0.236071,0.464130,0.000258,0.254605
993,33.100000,0.489621,-0.003543,0.236761,0.464293,0.000564,0.255545
994,33.133333,0.489658,-0.003404,0.237358,0.464257,0.000584,0.256210
995,33.166667,0.489463,-0.003608,0.238398,0.464056,0.000372,0.257278
996,33.200000,0.489384,-0.003323,0.239792,0.463874,0.000533,0.258586
997,33.233333,0.489198,-0.003306,0.240798,0.463713,0.000542,0.259638
998,33.266667,0.489145,-0.003373,0.241441,0.463582,0.000510,0.260214
999,33.300000,0.489319,-0.003452,0.242219,0.463834,0.000663,0.261023
1000,33.333333,0.489539,-0.003383,0.244034,0.464039,0.000696,0.262854
1001,33.366667,0.490089,-0.003462,0.245742,0.464498,0.000511,0.264503
1002,33.400000,0.490353,-0.003729,0.246394,0.464719,0.000320,0.265149
1003,33.433333,0.490417,-0.003646,0.246548,0.464766,0.000353,0.265303
1004,33.466667,0.490471,-0.003635,0.246659,0.464839,0.000391,0.265453
1005,33.500000,0.490417,-0.003713,0.246553,0.464816,0.000349,0.265331
1006,33.533333,0.490436,-0.003658,0.246640,0.464838,0.000381,0.265430
1007,33.566667,0.490460,-0.003656,0.246685,0.464840,0.000372,0.265472
1008,33.600000,0.490418,-0.003695,0.246633,0.464831,0.000362,0.265416
1009,33.633333,0.490461,-0.003651,0.246709,0.464854,0.000371,0.265496
1010,33.666667,0.490433,-0.003697,0.246687,0.464846,0.000368,0.265483
1011,33.700000,0.490435,-0.003682,0.246687,0.464845,0.000359,0.265485
1012,33.733333,0.490455,-0.003660,0.246747,0.464866,0.000398,0.265547
1013,33.766667,0.490443,-0.003694,0.246715,0.464847,0.000351,0.265515
1014,33.800000,0.490453,-0.003679,0.246734,0.464872,0.000394,0.265536
1015,33.833333,0.490333,-0.003621,0.246812,0.464784,0.000316,0.265549
1016,33.866667,0.490359,-0.003924,0.246390,0.464752,0.000215,0.265005
1017,33.900000,0.490199,-0.004109,0.245888,0.464711,0.000126,0.264405
1018,33.933333,0.490263,-0.004104,0.244810,0.464905,0.000164,0.263315
1019,33.966667,0.490332,-0.004045,0.243873,0.465097,0.000162,0.262432
1020,34.000000,0.490439,-0.004034,0.243081,0.465393,0.000227,0.261571
1021,34.033333,0.490364,-0.004049,0.242451,0.465456,0.000111,0.261036
1022,34.066667,0.490431,-0.004051,0.242184,0.465581,0.000249,0.260700
1023,34.100000,0.490303,-0.004074,0.242012,0.465532,0.000184,0.260475
1024,34.133333,0.490412,-0.004019,0.242104,0.465604,0.000254,0.260615
1025,34.166667,0.490382,-0.004045,0.242039,0.465583,0.000230,0.260554
1026,34.200000,0.490447,-0.004017,0.242109,0.465637,0.000273,0.260640
1027,34.233333,0.490410,-0.004020,0.242068,0.465604,0.000243,0.260614
1028,34.266667,0.490448,-0.003998,0.242121,0.465636,0.000276,0.260668
1029,34.300000,0.490413,-0.004014,0.242094,0.465611,0.000255,0.260646
1030,34.333333,0.490459,-0.003996,0.242125,0.465640,0.000281,0.260680
1031,34.366667,0.490430,-0.004012,0.242100,0.465620,0.000265,0.260659
1032,34.400000,0.490462,-0.003995,0.242136,0.465634,0.000280,0.260691
1033,34.433333,0.490445,-0.004006,0.242107,0.465618,0.000268,0.260671
1034,34.466667,0.490471,-0.003992,0.242132,0.465642,0.000278,0.260693
1035,34.500000,0.490451,-0.004003,0.242115,0.465620,0.000268,0.260680
1036,34.533333,0.490472,-0.003990,0.242132,0.465638,0.000272,0.260700
1037,34.566667,0.490455,-0.004003,0.242123,0.465622,0.000266,0.260686
1038,34.600000,0.490477,-0.003990,0.242126,0.465635,0.000281,0.260712
1039,34.633333,0.490734,-0.003935,0.242266,0.465718,0.000259,0.260996
1040,34.666667,0.491094,-0.003463,0.242921,0.465887,0.000676,0.261932
1041,34.700000,0.491019,-0.003517,0.243744,0.465837,0.000559,0.262819
1042,34.733333,0.490968,-0.003535,0.244618,0.465669,0.000360,0.263662
1043,34.766667,0.490807,-0.003311,0.245766,0.465469,0.000548,0.264761
1044,34.800000,0.490661,-0.003339,0.247111,0.465230,0.000583,0.266009
1045,34.833333,0.490699,-0.003357,0.248242,0.465322,0.000511,0.267163
1046,34.866667,0.491173,-0.003416,0.249342,0.465711,0.000594,0.268227
1047,34.900000,0.491460,-0.003586,0.250753,0.466043,0.000423,0.269732
1048,34.933333,0.491746,-0.003590,0.251831,0.466259,0.000318,0.270723
1049,34.966667,0.491837,-0.003691,0.252014,0.466425,0.000339,0.270954
1050,35.000000,0.491885,-0.003637,0.252084,0.466427,0.000355,0.271003
1051,35.033333,0.491862,-0.003655,0.252123,0.466431,0.000350,0.271048
1052,35.066667,0.491904,-0.003679,0.252119,0.466457,0.000356,0.271035
1053,35.100000,0.491899,-0.003665,0.252192,0.466456,0.000354,0.271110
1054,35.133333,0.491902,-0.003677,0.252224,0.466459,0.000331,0.271152
1055,35.166667,0.491926,-0.003697,0.252230,0.466470,0.000336,0.271160
