Frame,Time (Seconds),X,Y,Z
0,0,0.390723,-0.001451,0.168495
1,0.033333,0.390703,-0.001428,0.168488
2,0.066667,0.390721,-0.001453,0.168501
3,0.1,0.390743,-0.001442,0.168499
4,0.133333,0.390738,-0.001431,0.168443
5,0.166667,0.39074,-0.001441,0.168451
6,0.2,0.390782,-0.001446,0.168555
7,0.233333,0.390794,-0.001502,0.168676
8,0.266667,0.390797,-0.001409,0.16857
9,0.3,0.390795,-0.001488,0.168511
10,0.333333,0.390811,-0.001402,0.168614
11,0.366667,0.390822,-0.001527,0.168622
12,0.4,0.390838,-0.001421,0.168555
13,0.433333,0.39093,-0.001475,0.168408
14,0.466667,0.391092,-0.001307,0.168016
15,0.5,0.391216,-0.001097,0.167485
16,0.533333,0.391361,-0.001076,0.167166
17,0.566667,0.391436,-0.001174,0.167178
18,0.6,0.391508,-0.001476,0.167505
19,0.633333,,,
20,0.666667,,,
21,0.7,,,
22,0.733333,,,
23,0.766667,,,
24,0.8,,,
25,0.833333,,,
26,0.866667,,,
27,0.9,,,
28,0.933333,,,
29,0.966667,,,
30,1,0.392924,-0.00141,0.155966
31,1.033333,0.392848,-0.001346,0.156292
32,1.066667,0.392828,-0.001492,0.156739
33,1.1,0.392825,-0.001499,0.157457
34,1.133333,0.392766,-0.001598,0.158028
35,1.166667,0.392742,-0.001683,0.158347
36,1.2,0.392729,-0.001679,0.158625
37,1.233333,0.392721,-0.001804,0.159102
38,1.266667,0.392654,-0.001895,0.159708
39,1.3,0.392611,-0.001883,0.160013
40,1.333333,0.392633,-0.001898,0.159971
41,1.366667,0.392643,-0.001852,0.159857
42,1.4,0.392618,-0.001879,0.159942
43,1.433333,0.392615,-0.001884,0.159954
44,1.466667,0.392634,-0.001847,0.159907
45,1.5,0.392619,-0.001885,0.159963
46,1.533333,,,
47,1.566667,0.392617,-0.00188,0.159964
48,1.6,0.392608,-0.001864,0.159957
49,1.633333,0.392603,-0.001872,0.159956
50,1.666667,0.392601,-0.00187,0.159974
51,1.7,0.392605,-0.001862,0.159968
52,1.733333,0.392596,-0.001872,0.159969
53,1.766667,0.39259,-0.001863,0.159964
54,1.8,0.392606,-0.001868,0.159967
55,1.833333,0.39262,-0.001871,0.159969
56,1.866667,0.392606,-0.001865,0.159977
57,1.9,0.392601,-0.001868,0.159977
58,1.933333,0.392641,-0.001866,0.159962
59,1.966667,0.392655,-0.001873,0.159952
60,2,0.392596,-0.001865,0.159965
61,2.033333,0.39258,-0.001865,0.159957
62,2.066667,0.392608,-0.001865,0.159965
63,2.1,0.392574,-0.001858,0.159996
64,2.133333,0.392503,-0.001853,0.159989
65,2.166667,0.392517,-0.001845,0.159976
66,2.2,0.392552,-0.001864,0.159994
67,2.233333,0.392486,-0.001847,0.159963
68,2.266667,0.392442,-0.001833,0.159929
69,2.3,0.392499,-0.001853,0.159933
70,2.333333,0.39254,-0.001866,0.159978
71,2.366667,0.392391,-0.001826,0.160026
72,2.4,0.392292,-0.001706,0.15988
73,2.433333,0.392291,-0.001772,0.159801
74,2.466667,0.392288,-0.001576,0.159298
75,2.5,0.392163,-0.001593,0.159039
76,2.533333,0.392059,-0.001473,0.158814
77,2.566667,0.391994,-0.00147,0.158736
78,2.6,0.391811,-0.001506,0.158679
79,2.633333,0.39155,-0.001331,0.158131
80,2.666667,0.391346,-0.001203,0.15703
81,2.7,0.39078,-0.001161,0.155294
82,2.733333,0.39021,-0.001245,0.152677
83,2.766667,0.3896,-0.00121,0.149991
84,2.8,0.389438,-0.000741,0.148577
85,2.833333,0.388938,-0.001161,0.14848
86,2.866667,0.388886,-0.001185,0.149248
87,2.9,0.388801,-0.001097,0.150316
88,2.933333,0.388765,-0.001325,0.15142
89,2.966667,0.388852,-0.001139,0.151826
90,3,0.388823,-0.001216,0.152408
91,3.033333,0.388802,-0.001354,0.153355
92,3.066667,0.388881,-0.001416,0.154637
93,3.1,0.388972,-0.001388,0.155434
94,3.133333,0.388971,-0.001458,0.155841
95,3.166667,0.38896,-0.001483,0.156306
96,3.2,0.389097,-0.001375,0.156969
97,3.233333,0.389151,-0.001411,0.157583
98,3.266667,0.389109,-0.001444,0.157744
99,3.3,0.389139,-0.001362,0.157582
100,3.333333,0.389172,-0.001392,0.157572
101,3.366667,0.389149,-0.001389,0.157599
102,3.4,0.389132,-0.001371,0.157574
103,3.433333,0.389162,-0.001419,0.157635
104,3.466667,0.389158,-0.001375,0.157596
105,3.5,0.38914,-0.0014,0.157598
106,3.533333,0.38915,-0.00139,0.157617
107,3.566667,0.389154,-0.001396,0.157637
108,3.6,0.389143,-0.001406,0.157628
109,3.633333,0.389149,-0.001386,0.157625
110,3.666667,0.389165,-0.001405,0.157661
111,3.7,0.389159,-0.001419,0.157691
112,3.733333,0.389159,-0.001395,0.157657
113,3.766667,0.389174,-0.001424,0.157684
114,3.8,0.389168,-0.001401,0.157689
115,3.833333,0.38916,-0.001417,0.157698
116,3.866667,0.389172,-0.001416,0.157685
117,3.9,0.38917,-0.001408,0.157691
118,3.933333,0.389172,-0.001421,0.157702
119,3.966667,0.389187,-0.001409,0.157687
120,4,0.389187,-0.001422,0.15769
121,4.033333,0.389167,-0.001416,0.157698
122,4.066667,0.389172,-0.001416,0.157713
123,4.1,0.389188,-0.001421,0.157699
124,4.133333,0.389189,-0.001404,0.157682
125,4.166667,0.389178,-0.00142,0.157701
126,4.2,0.389189,-0.001417,0.157706
127,4.233333,0.389218,-0.001424,0.15771
128,4.266667,0.389244,-0.001418,0.157657
129,4.3,0.389395,-0.001422,0.157472
130,4.333333,0.389505,-0.001219,0.157097
131,4.366667,0.389607,-0.001122,0.156679
132,4.4,0.389749,-0.001024,0.156352
133,4.433333,0.389792,-0.001057,0.156404
134,4.466667,0.389915,-0.001182,0.156479
135,4.5,0.390103,-0.001043,0.155923
136,4.533333,0.39035,-0.000861,0.154665
137,4.566667,0.390738,-0.000825,0.152922
138,4.6,0.39117,-0.00083,0.150746
139,4.633333,0.391541,-0.0009,0.147975
140,4.666667,0.391619,-0.001298,0.144842
141,4.7,0.391654,-0.001112,0.143575
142,4.733333,0.391908,-0.001059,0.143365
143,4.766667,0.391936,-0.00136,0.143844
144,4.8,0.391958,-0.001204,0.144427
145,4.833333,0.391979,-0.001426,0.145449
146,4.866667,0.39194,-0.001352,0.146027
147,4.9,0.391942,-0.001367,0.14638
148,4.933333,0.391897,-0.001554,0.146917
149,4.966667,0.391833,-0.001555,0.147714
150,5,0.391804,-0.001615,0.148202
151,5.033333,0.391801,-0.001722,0.148496
152,5.066667,0.391753,-0.001717,0.14886
153,5.1,0.391765,-0.001886,0.149464
154,5.133333,0.391712,-0.00188,0.149909
155,5.166667,0.391705,-0.001868,0.150046
156,5.2,0.39172,-0.001863,0.149946
157,5.233333,0.391747,-0.001849,0.149896
158,5.266667,0.391732,-0.001854,0.14989
159,5.3,0.391699,-0.001842,0.149903
160,5.333333,0.39169,-0.001861,0.149954
161,5.366667,0.391705,-0.001838,0.149927
162,5.4,0.391686,-0.001856,0.149908
163,5.433333,0.391676,-0.001836,0.149939
164,5.466667,0.391681,-0.001863,0.149973
165,5.5,0.391687,-0.001835,0.149921
166,5.533333,0.391688,-0.001852,0.149912
167,5.566667,0.391701,-0.001836,0.149923
168,5.6,0.391693,-0.001863,0.149949
169,5.633333,0.391702,-0.001834,0.149892
170,5.666667,0.391701,-0.001839,0.14986
171,5.7,0.39169,-0.001843,0.14991
172,5.733333,0.391681,-0.001837,0.149896
173,5.766667,0.391673,-0.001843,0.149882
174,5.8,0.391684,-0.001831,0.149902
175,5.833333,0.391686,-0.001839,0.14991
176,5.866667,0.391691,-0.001839,0.149849
177,5.9,0.391706,-0.001831,0.149808
178,5.933333,0.391706,-0.001843,0.149851
179,5.966667,0.391701,-0.001826,0.149837
180,6,0.391702,-0.001844,0.149835
181,6.033333,0.391719,-0.001825,0.149831
182,6.066667,0.391705,-0.001844,0.149829
183,6.1,0.391692,-0.001827,0.149811
184,6.133333,0.391696,-0.001837,0.149837
185,6.166667,0.391702,-0.001828,0.149822
186,6.2,0.39165,-0.001838,0.14988
187,6.233333,0.391561,-0.001807,0.149881
188,6.266667,0.391479,-0.001726,0.149765
189,6.3,0.391464,-0.001738,0.149507
190,6.333333,0.391407,-0.00153,0.148934
191,6.366667,0.391246,-0.001543,0.148739
192,6.4,0.39118,-0.00144,0.148659
193,6.433333,0.391086,-0.001501,0.148731
194,6.466667,0.390938,-0.001418,0.148645
195,6.5,0.390667,-0.001267,0.148203
196,6.533333,0.390285,-0.001183,0.147189
197,6.566667,0.389817,-0.001058,0.145259
198,6.6,0.38925,-0.001154,0.142282
199,6.633333,0.388519,-0.001271,0.139534
200,6.666667,0.388342,-0.000685,0.138226
201,6.7,0.387899,-0.001094,0.138386
202,6.733333,0.387832,-0.00126,0.139317
203,6.766667,0.387797,-0.00105,0.140148
204,6.8,0.387768,-0.001266,0.140928
205,6.833333,0.387835,-0.001261,0.14152
206,6.866667,0.387802,-0.001272,0.142299
207,6.9,0.387866,-0.00138,0.143275
208,6.933333,0.387902,-0.001442,0.144335
209,6.966667,0.387949,-0.001416,0.14505
210,7,0.387987,-0.001492,0.145558
211,7.033333,0.388025,-0.001454,0.146081
212,7.066667,0.3881,-0.001413,0.146705
213,7.1,0.388124,-0.001429,0.14718
214,7.133333,0.388127,-0.001432,0.14712
215,7.166667,0.388132,-0.001346,0.146856
216,7.2,0.388144,-0.001423,0.146979
217,7.233333,0.388148,-0.001394,0.147081
218,7.266667,0.388156,-0.001397,0.147019
219,7.3,0.388143,-0.001416,0.147015
220,7.333333,0.388143,-0.001384,0.147047
221,7.366667,0.388144,-0.001418,0.147036
222,7.4,0.388148,-0.001394,0.147038
223,7.433333,0.388142,-0.001406,0.147045
224,7.466667,0.388137,-0.001412,0.147052
225,7.5,0.388139,-0.001396,0.14705
226,7.533333,0.38814,-0.001418,0.147049
227,7.566667,0.388127,-0.0014,0.147063
228,7.6,0.388137,-0.001412,0.147063
229,7.633333,0.388147,-0.001412,0.147061
230,7.666667,0.388152,-0.0014,0.147054
231,7.7,0.388153,-0.001416,0.147067
232,7.733333,0.388146,-0.001406,0.147063
233,7.766667,0.388147,-0.00141,0.147067
234,7.8,0.388154,-0.001416,0.147065
235,7.833333,0.388153,-0.001404,0.147067
236,7.866667,0.388148,-0.001415,0.147074
237,7.9,0.388148,-0.00141,0.147072
238,7.933333,0.388159,-0.00141,0.147075
239,7.966667,0.388167,-0.001419,0.14708
240,8,0.388154,-0.001406,0.147074
241,8.033333,0.388145,-0.001415,0.147074
242,8.066667,0.388158,-0.001417,0.147075
243,8.1,0.388186,-0.001429,0.147115
244,8.133333,0.38822,-0.001444,0.147003
245,8.166667,0.38842,-0.00133,0.146731
246,8.2,0.388464,-0.001132,0.146306
247,8.233333,0.388598,-0.001101,0.145888
248,8.266667,0.388745,-0.001031,0.145606
249,8.3,0.388825,-0.001232,0.145763
250,8.333333,0.388924,-0.001176,0.14573
251,8.366667,0.3891,-0.001,0.14511
252,8.4,0.389355,-0.000849,0.143702
253,8.433333,0.389783,-0.000832,0.141783
254,8.466667,0.39008,-0.000868,0.139224
255,8.5,0.390176,-0.001,0.136126
256,8.533333,0.390218,-0.001343,0.133841
257,8.566667,0.390244,-0.001062,0.132809
258,8.6,0.390417,-0.001236,0.132913
259,8.633333,0.39047,-0.001243,0.133413
260,8.666667,0.390518,-0.001219,0.134234
261,8.7,0.390484,-0.001468,0.135218
262,8.733333,0.390414,-0.001285,0.135707
263,8.766667,0.390459,-0.001429,0.136103
264,8.8,0.390389,-0.001565,0.13673
265,8.833333,0.390326,-0.001535,0.137365
266,8.866667,0.390325,-0.0017,0.137825
267,8.9,0.390308,-0.001741,0.138108
268,8.933333,0.3903,-0.001763,0.13857
269,8.966667,0.390243,-0.001861,0.139053
270,9,0.390214,-0.001835,0.139365
271,9.033333,0.390208,-0.001855,0.139416
272,9.066667,0.390221,-0.00183,0.139319
273,9.1,0.390198,-0.00185,0.139404
274,9.133333,0.390206,-0.001822,0.139408
275,9.166667,0.390205,-0.001849,0.139384
276,9.2,0.390191,-0.001839,0.139424
277,9.233333,0.390197,-0.00183,0.139416
278,9.266667,0.39019,-0.001843,0.139408
279,9.3,0.390187,-0.001825,0.139427
280,9.333333,0.390188,-0.001842,0.13942
281,9.366667,0.390182,-0.001838,0.139405
282,9.4,0.390181,-0.00184,0.139408
283,9.433333,0.390182,-0.001837,0.139414
284,9.466667,0.390181,-0.001835,0.139412
285,9.5,0.39018,-0.001835,0.139413
286,9.533333,0.390183,-0.001837,0.139417
287,9.566667,0.39018,-0.001839,0.139415
288,9.6,0.390176,-0.00183,0.139412
289,9.633333,0.390178,-0.001833,0.139417
290,9.666667,0.390185,-0.001838,0.13942
291,9.7,0.390181,-0.001836,0.139416
292,9.733333,0.390176,-0.001831,0.139415
293,9.766667,0.390176,-0.001828,0.139409
294,9.8,0.390175,-0.001833,0.139408
295,9.833333,0.390173,-0.001834,0.139411
296,9.866667,0.390176,-0.001837,0.139409
297,9.9,0.390174,-0.001836,0.139413
298,9.933333,0.390171,-0.001829,0.139407
299,9.966667,0.390173,-0.001829,0.13941
300,10,0.390173,-0.001832,0.139415
301,10.033333,0.390162,-0.001837,0.13943
302,10.066667,0.390107,-0.001828,0.139464
303,10.1,0.39003,-0.001735,0.139458
304,10.133333,0.389944,-0.001699,0.139417
305,10.166667,0.389901,-0.001604,0.139035
306,10.2,0.389868,-0.001504,0.138601
307,10.233333,0.389715,-0.001549,0.138457
308,10.266667,0.389645,-0.00143,0.138444
309,10.3,0.38953,-0.001486,0.138569
310,10.333333,0.38937,-0.001317,0.138429
311,10.366667,0.389084,-0.001281,0.137956
312,10.4,0.388682,-0.001092,0.136841
313,10.433333,0.388238,-0.001055,0.134829
314,10.466667,0.38773,-0.00106,0.131585
315,10.5,0.387103,-0.00113,0.128857
316,10.533333,0.386935,-0.000677,0.12775
317,10.566667,0.386528,-0.001149,0.128258
318,10.6,0.38652,-0.001214,0.129319
319,10.633333,0.386536,-0.001083,0.130059
320,10.666667,0.386515,-0.001271,0.130691
321,10.7,0.38655,-0.001234,0.131198
322,10.733333,0.386531,-0.001248,0.132134
323,10.766667,0.386631,-0.001369,0.133353
324,10.8,0.38666,-0.001404,0.134337
325,10.833333,0.386684,-0.001374,0.134942
326,10.866667,0.386731,-0.001439,0.135474
327,10.9,0.386781,-0.001394,0.136104
328,10.933333,0.386822,-0.001368,0.136735
329,10.966667,0.386825,-0.001446,0.137061
330,11,0.386828,-0.001382,0.136926
331,11.033333,0.386831,-0.001382,0.136821
332,11.066667,0.386845,-0.001426,0.13686
333,11.1,0.386856,-0.001361,0.136821
334,11.133333,0.386839,-0.00142,0.136893
335,11.166667,0.386831,-0.001371,0.136854
336,11.2,0.386856,-0.001399,0.136878
337,11.233333,0.386854,-0.001411,0.13686
338,11.266667,0.386843,-0.001387,0.136865
339,11.3,0.386853,-0.001411,0.136868
340,11.333333,0.386861,-0.001396,0.136866
341,11.366667,0.386862,-0.001395,0.136856
342,11.4,0.386872,-0.001408,0.136892
343,11.433333,0.386884,-0.001383,0.136891
344,11.466667,0.386877,-0.001406,0.13688
345,11.5,0.38687,-0.001385,0.136865
346,11.533333,0.38688,-0.001402,0.136888
347,11.566667,0.386883,-0.001405,0.136876
348,11.6,0.386866,-0.00139,0.13686
349,11.633333,0.386875,-0.001401,0.136874
350,11.666667,0.38687,-0.001394,0.136905
351,11.7,0.386865,-0.001402,0.136887
352,11.733333,0.386862,-0.001402,0.13688
353,11.766667,0.386874,-0.001404,0.136907
354,11.8,0.386848,-0.001394,0.136905
355,11.833333,0.38684,-0.001391,0.136872
356,11.866667,0.386867,-0.001409,0.136883
357,11.9,0.386872,-0.001415,0.136905
358,11.933333,0.386854,-0.001405,0.136894
359,11.966667,0.386874,-0.001411,0.136896
360,12,0.386995,-0.001373,0.136762
361,12.033333,0.38712,-0.001238,0.136493
362,12.066667,0.38721,-0.001098,0.136121
363,12.1,0.387355,-0.001078,0.135715
364,12.133333,0.387448,-0.000987,0.135504
365,12.166667,0.387559,-0.00112,0.135616
366,12.2,0.387697,-0.001101,0.135473
367,12.233333,0.387933,-0.000942,0.134629
368,12.266667,0.388225,-0.000779,0.132938
369,12.3,0.38869,-0.000718,0.130518
370,12.333333,0.389155,-0.000737,0.127393
371,12.366667,0.389137,-0.001042,0.123701
372,12.4,0.389086,-0.001146,0.122333
373,12.433333,0.389253,-0.001022,0.122103
374,12.466667,0.389307,-0.001292,0.122456
375,12.5,0.389387,-0.001144,0.123015
376,12.533333,0.389365,-0.001341,0.123996
377,12.566667,0.389392,-0.001364,0.1247
378,12.6,0.389349,-0.001263,0.124971
379,12.633333,0.389294,-0.001471,0.12563
380,12.666667,0.389254,-0.001479,0.126494
381,12.7,0.3892,-0.001583,0.127117
382,12.733333,0.389168,-0.001668,0.127317
383,12.766667,0.3892,-0.001639,0.127559
384,12.8,0.389187,-0.001754,0.128033
385,12.833333,0.389138,-0.001791,0.128564
386,12.866667,0.389076,-0.001758,0.128834
387,12.9,0.389103,-0.001792,0.128812
388,12.933333,0.389099,-0.001748,0.128686
389,12.966667,0.38909,-0.001767,0.128711
390,13,0.389079,-0.001767,0.128816
391,13.033333,0.38907,-0.001775,0.128884
392,13.066667,0.389075,-0.001767,0.128843
393,13.1,0.389082,-0.001795,0.128848
394,13.133333,0.389069,-0.001752,0.128864
395,13.166667,0.389053,-0.001789,0.128887
396,13.2,0.389068,-0.001761,0.128857
397,13.233333,0.389069,-0.00178,0.128886
398,13.266667,0.389078,-0.001775,0.128872
399,13.3,0.389062,-0.001778,0.128893
400,13.333333,0.389047,-0.001768,0.128903
401,13.366667,0.38907,-0.001774,0.128873
402,13.4,0.389063,-0.001778,0.128879
403,13.433333,0.389033,-0.001776,0.12888
404,13.466667,0.389063,-0.001778,0.128882
405,13.5,0.389064,-0.001772,0.128895
406,13.533333,0.389031,-0.001773,0.128896
407,13.566667,0.389058,-0.001779,0.128893
408,13.6,0.389066,-0.001778,0.128888
409,13.633333,0.389049,-0.001769,0.128894
410,13.666667,0.389052,-0.001773,0.128896
411,13.7,0.389068,-0.001783,0.128913
412,13.733333,0.389082,-0.001778,0.12889
413,13.766667,0.389086,-0.001779,0.128883
414,13.8,0.389055,-0.001784,0.12889
415,13.833333,0.389053,-0.00178,0.128907
416,13.866667,0.389065,-0.001779,0.128903
417,13.9,0.389041,-0.001788,0.128921
418,13.933333,0.388925,-0.001765,0.128994
419,13.966667,0.388862,-0.001683,0.128983
420,14,0.388816,-0.001648,0.128852
421,14.033333,0.388757,-0.001491,0.128388
422,14.066667,0.388703,-0.001541,0.128308
423,14.1,0.388566,-0.001433,0.128294
424,14.133333,0.388479,-0.001344,0.128328
425,14.166667,0.388366,-0.001405,0.128422
426,14.2,0.388226,-0.001302,0.128156
427,14.233333,0.38805,-0.001148,0.127658
428,14.266667,0.387611,-0.001092,0.126787
429,14.3,0.387199,-0.000971,0.124992
430,14.333333,0.386878,-0.000794,0.12192
431,14.366667,0.386169,-0.001141,0.118989
432,14.4,0.38619,-0.00072,0.118053
433,14.433333,0.385707,-0.000899,0.118491
434,14.466667,0.385694,-0.001197,0.119715
435,14.5,0.385681,-0.001014,0.120553
436,14.533333,0.38574,-0.00119,0.121245
437,14.566667,0.38577,-0.001132,0.121821
438,14.6,0.385678,-0.001349,0.122896
439,14.633333,0.38577,-0.001315,0.124114
440,14.666667,0.385847,-0.001389,0.125085
441,14.7,0.385823,-0.001478,0.125713
442,14.733333,0.385767,-0.00136,0.126085
443,14.766667,0.385812,-0.001329,0.126551
444,14.8,0.38584,-0.001398,0.127043
445,14.833333,0.385766,-0.001366,0.127155
446,14.866667,0.385783,-0.00134,0.127036
447,14.9,0.3858,-0.001393,0.127124
448,14.933333,0.385765,-0.001359,0.127164
449,14.966667,0.38576,-0.001381,0.127063
450,15,0.38579,-0.00136,0.127058
451,15.033333,0.385784,-0.001371,0.127122
452,15.066667,0.38578,-0.001391,0.127081
453,15.1,0.385835,-0.001358,0.127053
454,15.133333,0.385859,-0.001406,0.127083
455,15.166667,0.385828,-0.00138,0.12706
456,15.2,0.385873,-0.001383,0.127041
457,15.233333,0.385926,-0.001383,0.127041
458,15.266667,0.385901,-0.001394,0.127061
459,15.3,0.385884,-0.001395,0.127062
460,15.333333,0.385931,-0.001407,0.127043
461,15.366667,0.38592,-0.001387,0.127024
462,15.4,0.385884,-0.001385,0.127026
463,15.433333,0.385916,-0.001399,0.127063
464,15.466667,0.385963,-0.001417,0.127051
465,15.5,0.38593,-0.001391,0.127015
466,15.533333,0.385897,-0.001386,0.127039
467,15.566667,0.385921,-0.001399,0.127073
468,15.6,0.38594,-0.00141,0.127051
469,15.633333,0.385901,-0.001399,0.127043
470,15.666667,0.38589,-0.001397,0.127094
471,15.7,0.385924,-0.001408,0.127098
472,15.733333,0.385914,-0.00138,0.127022
473,15.766667,0.385909,-0.001382,0.127048
474,15.8,0.385936,-0.001437,0.127119
475,15.833333,0.385982,-0.001436,0.12709
476,15.866667,0.386118,-0.00128,0.126841
477,15.9,0.386188,-0.00114,0.126416
478,15.933333,0.386285,-0.001087,0.126112
479,15.966667,0.386462,-0.000984,0.126007
480,16,0.386503,-0.001042,0.126149
481,16.033333,0.386638,-0.001167,0.126186
482,16.066667,0.38679,-0.001016,0.125784
483,16.1,0.387049,-0.000846,0.124825
484,16.133333,0.387504,-0.000754,0.123336
485,16.166667,0.388071,-0.000614,0.121272
486,16.2,0.388701,-0.000683,0.118768
487,16.233333,0.388946,-0.000966,0.115481
488,16.266667,0.388976,-0.001268,0.113263
489,16.3,0.38914,-0.000856,0.112204
490,16.333333,0.389263,-0.001114,0.112397
491,16.366667,0.389313,-0.00114,0.113008
492,16.4,0.389317,-0.001171,0.113832
493,16.433333,0.38924,-0.001362,0.114767
494,16.466667,0.38917,-0.001282,0.115318
495,16.5,0.389208,-0.001444,0.115696
496,16.533333,0.389163,-0.001459,0.116235
497,16.566667,0.389097,-0.001494,0.116722
498,16.6,0.3891,-0.001644,0.117114
499,16.633333,0.389082,-0.001621,0.117395
500,16.666667,0.38904,-0.001693,0.117885
501,16.7,0.389016,-0.00172,0.118361
502,16.733333,0.389005,-0.001698,0.118509
503,16.766667,0.389015,-0.001676,0.118449
504,16.8,0.389014,-0.001705,0.118475
505,16.833333,0.389008,-0.001666,0.118508
506,16.866667,0.388998,-0.001701,0.118486
507,16.9,0.388994,-0.00168,0.118468
508,16.933333,0.388991,-0.001684,0.118515
509,16.966667,0.388988,-0.001686,0.118492
510,17,0.388993,-0.001677,0.118444
511,17.033333,0.388993,-0.001682,0.11846
512,17.066667,0.388981,-0.001684,0.11849
513,17.1,0.388981,-0.00168,0.118465
514,17.133333,0.388981,-0.001677,0.118464
515,17.166667,0.388976,-0.001674,0.118489
516,17.2,0.388967,-0.001684,0.118485
517,17.233333,0.388976,-0.001672,0.11847
518,17.266667,0.388977,-0.001686,0.118499
519,17.3,0.388972,-0.001674,0.118491
520,17.333333,0.388966,-0.001682,0.118487
521,17.366667,0.388962,-0.001673,0.118479
522,17.4,0.388966,-0.001678,0.118491
523,17.433333,0.388964,-0.001679,0.1185
524,17.466667,0.388948,-0.001671,0.118495
525,17.5,0.388954,-0.001673,0.118504
526,17.533333,0.388965,-0.001676,0.118516
527,17.566667,0.388966,-0.001673,0.118491
528,17.6,0.388969,-0.001672,0.118482
529,17.633333,0.388976,-0.001677,0.118505
530,17.666667,0.388977,-0.001677,0.118506
531,17.7,0.388978,-0.001671,0.118481
532,17.733333,0.388973,-0.001672,0.118503
533,17.766667,0.388922,-0.001695,0.118603
534,17.8,0.388831,-0.00164,0.118659
535,17.833333,0.388725,-0.001639,0.118578
536,17.866667,0.388737,-0.001547,0.11833
537,17.9,0.388641,-0.001485,0.117965
538,17.933333,0.388515,-0.001417,0.117746
539,17.966667,0.388472,-0.001299,0.117555
540,18,0.388361,-0.001367,0.117599
541,18.033333,0.388234,-0.001327,0.117617
542,18.066667,0.387997,-0.001172,0.117288
543,18.1,0.387736,-0.001098,0.116548
544,18.133333,0.38733,-0.001006,0.115045
545,18.166667,0.386875,-0.001002,0.112568
546,18.2,0.386094,-0.00107,0.109261
547,18.233333,0.386066,-0.00073,0.10775
548,18.266667,0.38546,-0.000809,0.107468
549,18.3,0.385472,-0.001144,0.10857
550,18.333333,0.385403,-0.000959,0.109389
551,18.366667,0.385418,-0.001181,0.110111
552,18.4,0.385424,-0.001067,0.110581
553,18.433333,0.38546,-0.001231,0.111568
554,18.466667,0.385527,-0.001252,0.112893
555,18.5,0.385529,-0.001357,0.11408
556,18.533333,0.385558,-0.001329,0.114722
557,18.566667,0.385561,-0.001389,0.115155
558,18.6,0.385614,-0.001363,0.115728
559,18.633333,0.385689,-0.001312,0.116497
560,18.666667,0.385696,-0.001427,0.117079
561,18.7,0.385691,-0.001368,0.117042
562,18.733333,0.385699,-0.00133,0.116782
563,18.766667,0.385713,-0.00139,0.116851
564,18.8,0.38571,-0.001331,0.116873
565,18.833333,0.385708,-0.001376,0.116816
566,18.866667,0.385709,-0.001363,0.116858
567,18.9,0.385712,-0.001345,0.116853
568,18.933333,0.385717,-0.001427,0.116865
569,18.966667,0.385709,-0.001337,0.116845
570,19,0.385717,-0.001395,0.116872
571,19.033333,0.385706,-0.001363,0.116867
572,19.066667,0.385705,-0.001358,0.116851
573,19.1,0.385714,-0.00138,0.116844
574,19.133333,0.385712,-0.00135,0.116863
575,19.166667,0.385698,-0.00139,0.116873
576,19.2,0.385704,-0.001359,0.116839
577,19.233333,0.385712,-0.001365,0.116864
578,19.266667,0.385708,-0.001372,0.116866
579,19.3,0.385712,-0.001354,0.116863
580,19.333333,0.385723,-0.001374,0.116859
581,19.366667,0.385712,-0.00136,0.116844
582,19.4,0.385709,-0.001369,0.116856
583,19.433333,0.385721,-0.00137,0.116855
584,19.466667,0.385727,-0.00136,0.116859
585,19.5,0.385715,-0.001373,0.116859
586,19.533333,0.385722,-0.001375,0.116865
587,19.566667,0.385733,-0.001391,0.116873
588,19.6,0.385721,-0.001368,0.11685
589,19.633333,0.385714,-0.001386,0.116872
590,19.666667,0.38573,-0.001397,0.116876
591,19.7,0.385796,-0.001377,0.116854
592,19.733333,0.385972,-0.001234,0.116639
593,19.766667,0.386052,-0.001009,0.116139
594,19.8,0.386198,-0.001032,0.115744
595,19.833333,0.386318,-0.000942,0.115632
596,19.866667,0.386405,-0.001052,0.115783
597,19.9,0.386547,-0.001059,0.115766
598,19.933333,0.386778,-0.000913,0.115332
599,19.966667,0.387068,-0.000786,0.114199
600,20,0.387563,-0.000695,0.112646
601,20.033333,0.388131,-0.000686,0.110586
602,20.066667,0.388681,-0.000599,0.107954
603,20.1,0.389011,-0.000999,0.104749
604,20.133333,0.389047,-0.001091,0.102771
605,20.166667,0.38923,-0.000845,0.102045
606,20.2,0.389286,-0.001192,0.102314
607,20.233333,0.389321,-0.001055,0.102792
608,20.266667,0.389356,-0.001199,0.103739
609,20.3,0.389267,-0.001302,0.104738
610,20.333333,0.389187,-0.001246,0.105234
611,20.366667,0.389179,-0.001416,0.105593
612,20.4,0.389161,-0.001412,0.106118
613,20.433333,0.389111,-0.001471,0.106772
614,20.466667,0.389049,-0.001663,0.107269
615,20.5,0.389044,-0.001635,0.107561
616,20.533333,0.389046,-0.001723,0.10799
617,20.566667,0.388972,-0.001734,0.10837
618,20.6,0.388957,-0.001687,0.108435
619,20.633333,0.388983,-0.001702,0.108364
620,20.666667,0.388984,-0.001697,0.108416
621,20.7,0.388961,-0.001681,0.108452
622,20.733333,0.388956,-0.001699,0.108406
623,20.766667,0.388966,-0.001673,0.108421
624,20.8,0.38896,-0.001697,0.108455
625,20.833333,0.388945,-0.001687,0.108408
626,20.866667,0.388945,-0.001685,0.108441
627,20.9,0.388954,-0.001691,0.108464
628,20.933333,0.388943,-0.001682,0.108431
629,20.966667,0.388937,-0.001695,0.108456
630,21,0.388948,-0.001684,0.108462
631,21.033333,0.388948,-0.001686,0.108457
632,21.066667,0.388937,-0.001691,0.108454
633,21.1,0.388946,-0.00169,0.108449
634,21.133333,0.38895,-0.00169,0.108462
635,21.166667,0.38894,-0.00169,0.108462
636,21.2,0.388941,-0.001689,0.108444
637,21.233333,0.388943,-0.001691,0.108462
638,21.266667,0.388944,-0.001693,0.108474
639,21.3,0.38894,-0.001679,0.108443
640,21.333333,0.388946,-0.001691,0.108455
641,21.366667,0.38895,-0.001688,0.108475
642,21.4,0.388936,-0.001688,0.108462
643,21.433333,0.38894,-0.001681,0.108454
644,21.466667,0.388944,-0.001685,0.10847
645,21.5,0.38893,-0.001688,0.10847
646,21.533333,0.388927,-0.001684,0.108462
647,21.566667,0.388938,-0.00169,0.108471
648,21.6,0.388919,-0.001698,0.108511
649,21.633333,0.388839,-0.001705,0.108592
650,21.666667,0.388809,-0.001618,0.108551
651,21.7,0.388709,-0.001608,0.108541
652,21.733333,0.388698,-0.001447,0.108185
653,21.766667,0.388659,-0.001471,0.107951
654,21.8,0.388499,-0.001425,0.10777
655,21.833333,0.388452,-0.001252,0.107698
656,21.866667,0.38831,-0.001316,0.107833
657,21.9,0.388232,-0.00122,0.107832
658,21.933333,0.388019,-0.001157,0.107668
659,21.966667,0.387706,-0.001099,0.1072
660,22,0.387416,-0.000856,0.106125
661,22.033333,0.387098,-0.000744,0.104186
662,22.066667,0.386742,-0.000717,0.100874
663,22.1,0.386369,-0.001027,0.098502
664,22.133333,0.386073,-0.000539,0.098169
665,22.166667,0.385844,-0.000941,0.098967
666,22.2,0.385771,-0.001131,0.099867
667,22.233333,0.38577,-0.00086,0.100342
668,22.266667,0.38576,-0.001126,0.101188
669,22.3,0.385832,-0.001203,0.102275
670,22.333333,0.385853,-0.001256,0.103515
671,22.366667,0.385907,-0.001187,0.104347
672,22.4,0.385865,-0.001331,0.104992
673,22.433333,0.385878,-0.001307,0.105467
674,22.466667,0.386004,-0.001204,0.105994
675,22.5,0.386016,-0.001381,0.106575
676,22.533333,0.385982,-0.001316,0.106809
677,22.566667,0.386035,-0.001312,0.106739
678,22.6,0.386047,-0.00134,0.106741
679,22.633333,0.386028,-0.001312,0.106746
680,22.666667,0.386019,-0.001332,0.106725
681,22.7,0.386033,-0.001328,0.106766
682,22.733333,0.386027,-0.001315,0.106735
683,22.766667,0.386021,-0.001336,0.106735
684,22.8,0.386028,-0.001314,0.106764
685,22.833333,0.386027,-0.001335,0.106761
686,22.866667,0.386023,-0.001323,0.106742
687,22.9,0.386029,-0.00132,0.10676
688,22.933333,0.386034,-0.001337,0.106766
689,22.966667,0.386028,-0.00132,0.106762
690,23,0.386035,-0.001329,0.106762
691,23.033333,0.38604,-0.001326,0.106759
692,23.066667,0.386039,-0.001322,0.106766
693,23.1,0.386038,-0.001329,0.106765
694,23.133333,0.386044,-0.001325,0.106759
695,23.166667,0.386044,-0.001331,0.106765
696,23.2,0.386037,-0.001328,0.106764
697,23.233333,0.386042,-0.001326,0.106759
698,23.266667,0.386043,-0.001325,0.106756
699,23.3,0.386042,-0.001326,0.106758
700,23.333333,0.386048,-0.001331,0.106761
701,23.366667,0.386055,-0.001326,0.106753
702,23.4,0.386053,-0.001334,0.106756
703,23.433333,0.386051,-0.001328,0.106756
704,23.466667,0.386055,-0.001332,0.106758
705,23.5,0.38605,-0.00133,0.106752
706,23.533333,0.386055,-0.001336,0.10676
707,23.566667,0.386122,-0.001344,0.106729
708,23.6,0.38628,-0.001094,0.106435
709,23.633333,0.386334,-0.000949,0.106009
710,23.666667,0.386528,-0.000966,0.105611
711,23.7,0.386635,-0.00086,0.105448
712,23.733333,0.38674,-0.001068,0.105625
713,23.766667,0.386894,-0.00103,0.105515
714,23.8,0.387155,-0.000833,0.104839
715,23.833333,0.387509,-0.000752,0.10361
716,23.866667,0.387966,-0.000722,0.101909
717,23.9,0.388518,-0.000631,0.099626
718,23.933333,0.388966,-0.000703,0.096757
719,23.966667,0.389151,-0.001255,0.093713
720,24,0.389211,-0.000846,0.092703
721,24.033333,0.389426,-0.000982,0.09239
722,24.066667,0.38947,-0.001253,0.092904
723,24.1,0.389485,-0.001106,0.093589
724,24.133333,0.389431,-0.001382,0.094604
725,24.166667,0.389382,-0.001172,0.095189
726,24.2,0.389405,-0.001275,0.09546
727,24.233333,0.389326,-0.001476,0.096075
728,24.266667,0.38926,-0.001407,0.096719
729,24.3,0.389243,-0.001568,0.097157
730,24.333333,0.389203,-0.001591,0.097475
731,24.366667,0.389214,-0.001589,0.097893
732,24.4,0.389148,-0.001741,0.09846
733,24.433333,0.389118,-0.001692,0.098725
734,24.466667,0.389113,-0.001702,0.098739
735,24.5,0.389117,-0.001693,0.098719
736,24.533333,0.389117,-0.001699,0.098756
737,24.566667,0.389116,-0.001704,0.098753
738,24.6,0.389117,-0.001693,0.098773
739,24.633333,0.389118,-0.001702,0.098783
740,24.666667,0.389112,-0.001696,0.098772
741,24.7,0.389103,-0.001691,0.098768
742,24.733333,0.389108,-0.001698,0.098787
743,24.766667,0.389104,-0.001693,0.098792
744,24.8,0.389095,-0.001688,0.09877
745,24.833333,0.389107,-0.001697,0.098799
746,24.866667,0.389101,-0.001698,0.098802
747,24.9,0.389086,-0.001687,0.098783
748,24.933333,0.3891,-0.001694,0.098813
749,24.966667,0.389102,-0.00169,0.09881
750,25,0.389085,-0.001676,0.098786
751,25.033333,0.389088,-0.001686,0.098795
752,25.066667,0.389097,-0.001687,0.09882
753,25.1,0.38908,-0.001686,0.098799
754,25.133333,0.389089,-0.001687,0.098818
755,25.166667,0.389082,-0.00169,0.098802
756,25.2,0.389086,-0.001686,0.098829
757,25.233333,0.389076,-0.001679,0.098807
758,25.266667,0.389098,-0.001692,0.098821
759,25.3,0.389083,-0.00169,0.098802
760,25.333333,0.38908,-0.001684,0.098805
761,25.366667,0.389075,-0.001679,0.098809
762,25.4,0.38908,-0.001679,0.0988
763,25.433333,0.389084,-0.001685,0.098828
764,25.466667,0.389053,-0.001682,0.098857
765,25.5,0.388964,-0.001675,0.098981
766,25.533333,0.388917,-0.001546,0.098962
767,25.566667,0.388851,-0.001556,0.098941
768,25.6,0.388819,-0.001414,0.098483
769,25.633333,0.388796,-0.001388,0.098258
770,25.666667,0.388622,-0.001302,0.098067
771,25.7,0.38854,-0.001247,0.098129
772,25.733333,0.388465,-0.00128,0.09843
773,25.766667,0.388286,-0.001214,0.098623
774,25.8,0.388103,-0.001111,0.098535
775,25.833333,0.387768,-0.00095,0.098021
776,25.866667,0.387412,-0.000903,0.096842
777,25.9,0.387149,-0.000726,0.094727
778,25.933333,0.386758,-0.000747,0.091228
779,25.966667,0.386458,-0.000957,0.089008
780,26,0.38611,-0.000523,0.088718
781,26.033333,0.385957,-0.000911,0.089461
782,26.066667,0.385869,-0.00104,0.090339
783,26.1,0.385857,-0.000784,0.090826
784,26.133333,0.385855,-0.001029,0.091666
785,26.166667,0.385877,-0.001188,0.09265
786,26.2,0.385911,-0.001181,0.093861
787,26.233333,0.385969,-0.001106,0.094817
788,26.266667,0.385977,-0.001322,0.095618
789,26.3,0.386003,-0.001263,0.09609
790,26.333333,0.386059,-0.001163,0.09653
791,26.366667,0.386112,-0.00127,0.09697
792,26.4,0.386089,-0.001247,0.097164
793,26.433333,0.386128,-0.001178,0.097041
794,26.466667,0.386133,-0.001232,0.097032
795,26.5,0.386122,-0.001185,0.097101
796,26.533333,0.38612,-0.001236,0.097084
797,26.566667,0.386127,-0.00121,0.097042
798,26.6,0.386121,-0.001215,0.097091
799,26.633333,0.386126,-0.001226,0.097076
800,26.666667,0.386124,-0.001196,0.097051
801,26.7,0.386126,-0.001236,0.0971
802,26.733333,0.386125,-0.001225,0.097067
803,26.766667,0.386135,-0.0012,0.097071
804,26.8,0.38613,-0.001239,0.097098
805,26.833333,0.386133,-0.001186,0.097049
806,26.866667,0.386128,-0.00123,0.097079
807,26.9,0.386129,-0.001229,0.097088
808,26.933333,0.386139,-0.001204,0.09707
809,26.966667,0.386141,-0.001214,0.097094
810,27,0.386136,-0.001205,0.097086
811,27.033333,0.386136,-0.001228,0.097077
812,27.066667,0.386147,-0.00121,0.09709
813,27.1,0.386144,-0.001209,0.097074
814,27.133333,0.386133,-0.001223,0.097085
815,27.166667,0.386146,-0.001204,0.097085
816,27.2,0.386151,-0.001217,0.097084
817,27.233333,0.386139,-0.00122,0.097083
818,27.266667,0.386138,-0.001218,0.097088
819,27.3,0.386152,-0.001212,0.09709
820,27.333333,0.386157,-0.001201,0.097074
821,27.366667,0.386158,-0.001219,0.097083
822,27.4,0.386202,-0.001227,0.097103
823,27.433333,0.38633,-0.001164,0.09701
824,27.466667,0.38638,-0.000987,0.096697
825,27.5,0.386547,-0.00094,0.096343
826,27.533333,0.386715,-0.000861,0.096029
827,27.566667,0.38678,-0.000886,0.096033
828,27.6,0.38693,-0.001004,0.096178
829,27.633333,0.387131,-0.000916,0.095969
830,27.666667,0.387388,-0.000776,0.095196
831,27.7,0.387804,-0.000763,0.093935
832,27.733333,0.388261,-0.000646,0.092105
833,27.766667,0.388833,-0.00046,0.089769
834,27.8,0.389289,-0.000688,0.086868
835,27.833333,0.38952,-0.001171,0.083897
836,27.866667,0.389576,-0.000773,0.082958
837,27.9,0.389812,-0.000926,0.082871
838,27.933333,0.389844,-0.001067,0.083405
839,27.966667,0.389812,-0.000983,0.084135
840,28,0.389811,-0.001272,0.085139
841,28.033333,0.389721,-0.001145,0.085591
842,28.066667,0.389771,-0.001265,0.085935
843,28.1,0.389726,-0.001375,0.086545
844,28.133333,0.389645,-0.001366,0.087151
845,28.166667,0.389608,-0.001519,0.087571
846,28.2,0.389641,-0.001525,0.087815
847,28.233333,0.389602,-0.00155,0.088287
848,28.266667,0.389537,-0.001707,0.088861
849,28.3,0.389531,-0.00162,0.089062
850,28.333333,0.389539,-0.001636,0.089021
851,28.366667,0.389519,-0.001629,0.089056
852,28.4,0.389515,-0.001616,0.089055
853,28.433333,0.38952,-0.001642,0.089075
854,28.466667,0.389509,-0.001604,0.089075
855,28.5,0.389508,-0.001631,0.089083
856,28.533333,0.389503,-0.001613,0.089089
857,28.566667,0.3895,-0.001613,0.089095
858,28.6,0.389502,-0.00164,0.089107
859,28.633333,0.389501,-0.001607,0.089089
860,28.666667,0.389496,-0.001638,0.089109
861,28.7,0.389497,-0.001608,0.089098
862,28.733333,0.3895,-0.001634,0.089114
863,28.766667,0.389497,-0.001619,0.089099
864,28.8,0.389496,-0.001615,0.089104
865,28.833333,0.389497,-0.001634,0.089117
866,28.866667,0.389497,-0.001629,0.089118
867,28.9,0.389497,-0.001634,0.089121
868,28.933333,0.389499,-0.00163,0.089116
869,28.966667,0.389501,-0.001631,0.089111
870,29,0.389498,-0.001631,0.089109
871,29.033333,0.389503,-0.001631,0.089115
872,29.066667,0.38949,-0.001635,0.08912
873,29.1,0.389481,-0.00163,0.089118
874,29.133333,0.389486,-0.001629,0.089123
875,29.166667,0.389488,-0.001632,0.089133
876,29.2,0.38948,-0.001634,0.089138
877,29.233333,0.389484,-0.001631,0.089131
878,29.266667,0.389497,-0.00163,0.089134
879,29.3,0.389492,-0.001628,0.089149
880,29.333333,0.389456,-0.001637,0.089228
881,29.366667,0.389367,-0.001653,0.089358
882,29.4,0.389279,-0.00148,0.089297
883,29.433333,0.389248,-0.001476,0.089254
884,29.466667,0.38921,-0.001338,0.088854
885,29.5,0.38911,-0.001347,0.088695
886,29.533333,0.389032,-0.001214,0.088617
887,29.566667,0.388894,-0.001238,0.088794
888,29.6,0.388808,-0.001203,0.089079
889,29.633333,0.388586,-0.001095,0.089231
890,29.666667,0.388374,-0.001059,0.089172
891,29.7,0.388061,-0.000822,0.088553
892,29.733333,0.387688,-0.000789,0.087311
893,29.766667,0.387382,-0.000508,0.084991
894,29.8,0.386994,-0.000709,0.081358
895,29.833333,0.386744,-0.000874,0.079247
896,29.866667,0.386362,-0.000307,0.079144
897,29.9,0.386177,-0.001012,0.080333
898,29.933333,0.386174,-0.001149,0.081345
899,29.966667,0.386101,-0.000715,0.081721
900,30,0.386096,-0.001066,0.082392
901,30.033333,0.38621,-0.001231,0.083375
902,30.066667,0.386168,-0.001051,0.084526
903,30.1,0.386236,-0.001095,0.08553
904,30.133333,0.386272,-0.00134,0.086252
905,30.166667,0.386275,-0.001081,0.086541
906,30.2,0.386327,-0.001157,0.086999
907,30.233333,0.386364,-0.001331,0.087504
908,30.266667,0.386369,-0.001167,0.087581
909,30.3,0.386378,-0.001223,0.087446
910,30.333333,0.386381,-0.001238,0.087476
911,30.366667,0.386386,-0.001182,0.087539
912,30.4,0.386383,-0.00126,0.087494
913,30.433333,0.386378,-0.001188,0.087476
914,30.466667,0.386376,-0.001229,0.087537
915,30.5,0.386384,-0.001237,0.087495
916,30.533333,0.386378,-0.001201,0.087499
917,30.566667,0.386379,-0.001245,0.087532
918,30.6,0.38638,-0.001212,0.087483
919,30.633333,0.386383,-0.001222,0.08751
920,30.666667,0.386385,-0.001236,0.087511
921,30.7,0.386382,-0.001206,0.087476
922,30.733333,0.386384,-0.001242,0.087503
923,30.766667,0.386384,-0.001219,0.087496
924,30.8,0.386387,-0.001219,0.087477
925,30.833333,0.386391,-0.001242,0.087503
926,30.866667,0.386389,-0.001205,0.087485
927,30.9,0.386384,-0.001237,0.087481
928,30.933333,0.386383,-0.001226,0.087487
929,30.966667,0.386384,-0.001218,0.087489
930,31,0.386387,-0.00123,0.087492
931,31.033333,0.386389,-0.001202,0.087468
932,31.066667,0.386386,-0.001227,0.087478
933,31.1,0.386384,-0.001228,0.087489
934,31.133333,0.386387,-0.001224,0.087485
935,31.166667,0.386389,-0.001231,0.087464
936,31.2,0.386387,-0.001197,0.087384
937,31.233333,0.386396,-0.001225,0.087401
938,31.266667,0.386446,-0.001207,0.087363
939,31.3,0.386617,-0.001056,0.08709
940,31.333333,0.386649,-0.000893,0.086593
941,31.366667,0.386793,-0.000858,0.08609
942,31.4,0.386956,-0.000835,0.085886
943,31.433333,0.387036,-0.000935,0.086012
944,31.466667,0.387235,-0.000956,0.086119
945,31.5,0.387512,-0.000767,0.085692
946,31.533333,0.38786,-0.000584,0.084514
947,31.566667,0.388365,-0.000563,0.082762
948,31.6,0.388931,-0.000462,0.080249
949,31.633333,0.389423,-0.000436,0.077125
950,31.666667,0.389644,-0.001044,0.073889
951,31.7,0.389668,-0.000761,0.072895
952,31.733333,0.389837,-0.000802,0.072525
953,31.766667,0.389922,-0.001056,0.072958
954,31.8,0.389984,-0.00088,0.073527
955,31.833333,0.389967,-0.001208,0.074678
956,31.866667,0.389926,-0.001116,0.075444
957,31.9,0.389916,-0.001083,0.075769
958,31.933333,0.389856,-0.001308,0.076237
959,31.966667,0.389846,-0.001307,0.076893
960,32,0.389768,-0.001329,0.077415
961,32.033333,0.38976,-0.001542,0.077791
962,32.066667,0.389736,-0.001414,0.078104
963,32.1,0.389731,-0.001635,0.078682
964,32.133333,0.389668,-0.001625,0.079085
965,32.166667,0.389669,-0.001544,0.079136
966,32.2,0.389696,-0.001617,0.079053
967,32.233333,0.389667,-0.001575,0.079094
968,32.266667,0.38966,-0.001595,0.079159
969,32.3,0.389669,-0.001586,0.079087
970,32.333333,0.389663,-0.001572,0.079085
971,32.366667,0.389653,-0.001598,0.079137
972,32.4,0.389679,-0.001584,0.079079
973,32.433333,0.389683,-0.001598,0.079076
974,32.466667,0.389668,-0.001573,0.079105
975,32.5,0.389661,-0.001585,0.079125
976,32.533333,0.389657,-0.001578,0.079092
977,32.566667,0.389659,-0.00158,0.079055
978,32.6,0.389653,-0.001589,0.079067
979,32.633333,0.389628,-0.001572,0.079093
980,32.666667,0.389616,-0.001573,0.079069
981,32.7,0.38963,-0.001579,0.079042
982,32.733333,0.389639,-0.001583,0.079065
983,32.766667,0.389641,-0.00159,0.079071
984,32.8,0.389652,-0.001579,0.079046
985,32.833333,0.389664,-0.001589,0.079073
986,32.866667,0.389664,-0.001587,0.07909
987,32.9,0.389669,-0.001584,0.079067
988,32.933333,0.389675,-0.001586,0.079068
989,32.966667,0.389675,-0.001586,0.079087
990,33,0.389668,-0.001582,0.07908
991,33.033333,0.389671,-0.001581,0.07908
992,33.066667,0.389664,-0.00158,0.079087
993,33.1,0.389628,-0.001565,0.079097
994,33.133333,0.389639,-0.001578,0.079088
995,33.166667,0.389628,-0.001573,0.079116
996,33.2,0.389573,-0.00159,0.079212
997,33.233333,0.389473,-0.00151,0.079231
998,33.266667,0.389399,-0.001437,0.079136
999,33.3,0.389388,-0.001387,0.078811
1000,33.333333,0.389343,-0.001236,0.078382
1001,33.366667,0.389145,-0.001292,0.078228
1002,33.4,0.389139,-0.001158,0.078096
1003,33.433333,0.389021,-0.001199,0.078164
1004,33.466667,0.388889,-0.001108,0.078132
1005,33.5,0.388716,-0.00104,0.07783
1006,33.533333,0.388461,-0.000941,0.077137
1007,33.566667,0.388104,-0.000807,0.075709
1008,33.6,0.387754,-0.000719,0.073098
1009,33.633333,0.387105,-0.000873,0.069721
1010,33.666667,0.387128,-0.00051,0.06832
1011,33.7,0.386543,-0.000626,0.068388
1012,33.733333,0.386542,-0.001069,0.069722
1013,33.766667,0.386443,-0.000867,0.070564
1014,33.8,0.386494,-0.000902,0.071138
1015,33.833333,0.386465,-0.001008,0.071785
1016,33.866667,0.386501,-0.001064,0.072832
1017,33.9,0.386592,-0.001097,0.073935
1018,33.933333,0.386567,-0.00121,0.07487
1019,33.966667,0.386619,-0.001218,0.075593
1020,34,0.386693,-0.001168,0.076198
1021,34.033333,0.386758,-0.001166,0.076878
1022,34.066667,0.38675,-0.001188,0.077485
1023,34.1,0.386777,-0.001221,0.07769
1024,34.133333,0.386799,-0.001131,0.077505
1025,34.166667,0.386783,-0.001153,0.077466
1026,34.2,0.38681,-0.001164,0.077551
1027,34.233333,0.386827,-0.001145,0.077491
1028,34.266667,0.38681,-0.001174,0.077474
1029,34.3,0.386816,-0.001145,0.077499
1030,34.333333,0.386831,-0.001163,0.077483
1031,34.366667,0.386821,-0.00116,0.07749
1032,34.4,0.386821,-0.001143,0.077498
1033,34.433333,0.386831,-0.001168,0.077502
1034,34.466667,0.386821,-0.001148,0.077494
1035,34.5,0.386818,-0.001161,0.077489
1036,34.533333,0.386828,-0.00116,0.077498
1037,34.566667,0.38683,-0.001164,0.077524
1038,34.6,0.386825,-0.001157,0.077496
1039,34.633333,0.386834,-0.001148,0.077481
1040,34.666667,0.386827,-0.001168,0.077515
1041,34.7,0.386817,-0.001153,0.077495
1042,34.733333,0.386836,-0.001159,0.077473
1043,34.766667,0.386838,-0.001158,0.077492
1044,34.8,0.386813,-0.001154,0.077487
1045,34.833333,0.386823,-0.001164,0.077487
1046,34.866667,0.386841,-0.001156,0.077491
1047,34.9,0.386833,-0.001157,0.077488
1048,34.933333,0.386819,-0.001182,0.077504
1049,34.966667,0.38684,-0.001156,0.077492
1050,35,0.386839,-0.001168,0.077496
1051,35.033333,0.386815,-0.001177,0.077512
1052,35.066667,0.386834,-0.001165,0.077533
1053,35.1,0.38687,-0.001171,0.077527
1054,35.133333,0.386959,-0.001187,0.077389
1055,35.166667,0.387087,-0.000949,0.076923
1056,35.2,0.387185,-0.000799,0.076475
1057,35.233333,0.38737,-0.000847,0.076247
1058,35.266667,0.387409,-0.000787,0.076255
1059,35.3,0.387517,-0.000931,0.076358
1060,35.333333,0.387671,-0.000802,0.076092
1061,35.366667,0.387862,-0.000615,0.075121
1062,35.4,0.388307,-0.000508,0.0736
1063,35.433333,0.388888,-0.000516,0.071592
1064,35.466667,0.389418,-0.000527,0.069102
1065,35.5,0.389641,-0.000649,0.066027
1066,35.533333,0.389708,-0.001073,0.063547
1067,35.566667,0.38977,-0.000651,0.062502
1068,35.6,0.389971,-0.000798,0.0624
1069,35.633333,0.390026,-0.001079,0.063043
1070,35.666667,0.38999,-0.000823,0.063539
1071,35.7,0.390034,-0.001031,0.064192
1072,35.733333,0.389944,-0.00103,0.064983
1073,35.766667,0.389897,-0.001109,0.065702
1074,35.8,0.389841,-0.00125,0.066273
1075,35.833333,0.389826,-0.001261,0.066585
1076,35.866667,0.389785,-0.001286,0.06701
1077,35.9,0.389755,-0.001361,0.06739
1078,35.933333,0.389752,-0.001411,0.067848
1079,35.966667,0.389757,-0.001522,0.068422
1080,36,0.389705,-0.001572,0.068744
1081,36.033333,0.389707,-0.001524,0.068696
1082,36.066667,0.389712,-0.001549,0.068686
1083,36.1,0.389675,-0.00155,0.068713
1084,36.133333,0.389669,-0.001534,0.068685
1085,36.166667,0.389673,-0.001554,0.068726
1086,36.2,0.389673,-0.001535,0.068715
1087,36.233333,0.389669,-0.001549,0.068722
1088,36.266667,0.389676,-0.001538,0.068723
1089,36.3,0.389687,-0.001545,0.068713
1090,36.333333,0.389683,-0.001534,0.068688
1091,36.366667,0.389691,-0.001533,0.068686
1092,36.4,0.3897,-0.001545,0.068711
1093,36.433333,0.389679,-0.001535,0.06871
1094,36.466667,0.389669,-0.001534,0.068708
1095,36.5,0.389708,-0.001539,0.068721
1096,36.533333,0.389704,-0.001533,0.068714
1097,36.566667,0.389642,-0.001535,0.068707
1098,36.6,0.389653,-0.001524,0.068683
1099,36.633333,0.389691,-0.00153,0.068691
1100,36.666667,0.389656,-0.001529,0.06867
1101,36.7,0.389637,-0.001521,0.068681
1102,36.733333,0.389675,-0.001533,0.06871
1103,36.766667,0.389671,-0.001529,0.068697
1104,36.8,0.389642,-0.001523,0.068663
1105,36.833333,0.389662,-0.001526,0.068694
1106,36.866667,0.389695,-0.00153,0.068701
1107,36.9,0.389671,-0.001527,0.068681
1108,36.933333,0.389673,-0.001519,0.068676
1109,36.966667,0.389689,-0.001532,0.068702
1110,37,0.389667,-0.001529,0.068696
1111,37.033333,0.389635,-0.001527,0.06871
1112,37.066667,0.389581,-0.001492,0.06874
1113,37.1,0.389469,-0.001393,0.068737
1114,37.133333,0.389375,-0.001423,0.068677
1115,37.166667,0.389394,-0.00121,0.068261
1116,37.2,0.389387,-0.001264,0.068
1117,37.233333,0.389198,-0.001169,0.067836
1118,37.266667,0.389108,-0.001103,0.067823
1119,37.3,0.389009,-0.001193,0.067914
1120,37.333333,0.388836,-0.000982,0.067676
1121,37.366667,0.388456,-0.00099,0.067196
1122,37.4,0.388161,-0.000902,0.066043
1123,37.433333,0.387808,-0.000719,0.06393
1124,37.466667,0.387301,-0.000807,0.060558
1125,37.5,0.386766,-0.000724,0.058069
1126,37.533333,0.38646,-0.000381,0.057498
1127,37.566667,0.386206,-0.000947,0.058582
1128,37.6,0.386124,-0.000899,0.059808
1129,37.633333,0.386186,-0.000798,0.06029
1130,37.666667,0.38611,-0.000963,0.06073
1131,37.7,0.38617,-0.000917,0.061745
1132,37.733333,0.386209,-0.001113,0.063274
1133,37.766667,0.386266,-0.001195,0.064207
1134,37.8,0.386269,-0.00113,0.064603
1135,37.833333,0.386267,-0.001134,0.064999
1136,37.866667,0.38635,-0.001192,0.065765
1137,37.9,0.386455,-0.00114,0.066716
1138,37.933333,0.386446,-0.001186,0.06727
1139,37.966667,0.386457,-0.001247,0.067342
1140,38,0.386483,-0.001104,0.067069
1141,38.033333,0.386486,-0.00116,0.067055
1142,38.066667,0.386497,-0.001153,0.067112
1143,38.1,0.386496,-0.001126,0.067105
1144,38.133333,0.38648,-0.001164,0.067109
1145,38.166667,0.38649,-0.00112,0.067081
1146,38.2,0.386519,-0.001159,0.067105
1147,38.233333,0.386515,-0.001142,0.067106
1148,38.266667,0.3865,-0.001142,0.067111
1149,38.3,0.386504,-0.001159,0.067113
1150,38.333333,0.386504,-0.001134,0.067111
1151,38.366667,0.386487,-0.001155,0.067139
1152,38.4,0.386491,-0.001141,0.067117
1153,38.433333,0.386512,-0.001147,0.067107
1154,38.466667,0.386515,-0.001155,0.067108
1155,38.5,0.386522,-0.001138,0.067101
1156,38.533333,0.386524,-0.001158,0.067107
1157,38.566667,0.386503,-0.001145,0.067096
1158,38.6,0.386511,-0.00115,0.067101
1159,38.633333,0.386529,-0.001148,0.067096
1160,38.666667,0.386519,-0.00114,0.067076
1161,38.7,0.386518,-0.001151,0.067086
1162,38.733333,0.386527,-0.001145,0.067093
1163,38.766667,0.386525,-0.001148,0.067084
1164,38.8,0.386521,-0.001144,0.067076
1165,38.833333,0.386527,-0.001146,0.06709
1166,38.866667,0.386525,-0.001149,0.067095
1167,38.9,0.386524,-0.001145,0.067077
1168,38.933333,0.386543,-0.00115,0.067073
1169,38.966667,0.386592,-0.001126,0.067087
1170,39,0.386723,-0.001075,0.066977
1171,39.033333,0.386785,-0.000854,0.066462
1172,39.066667,0.386904,-0.000785,0.065908
1173,39.1,0.387079,-0.000808,0.065613
1174,39.133333,0.387132,-0.000755,0.065669
1175,39.166667,0.387288,-0.000875,0.065809
1176,39.2,0.387476,-0.000758,0.065372
1177,39.233333,0.387734,-0.0005,0.064212
1178,39.266667,0.38817,-0.000483,0.062561
1179,39.3,0.388761,-0.000442,0.060429
1180,39.333333,0.389376,-0.000485,0.057784
1181,39.366667,0.389567,-0.000754,0.054517
1182,39.4,0.389572,-0.000978,0.052777
1183,39.433333,0.389745,-0.000688,0.052033
1184,39.466667,0.389876,-0.000928,0.052048
1185,39.5,0.389961,-0.000889,0.05265
1186,39.533333,0.389952,-0.000991,0.053668
1187,39.566667,0.389911,-0.001134,0.054564
1188,39.6,0.389832,-0.001003,0.054932
1189,39.633333,0.389863,-0.001215,0.055342
1190,39.666667,0.389811,-0.001205,0.056017
1191,39.7,0.389718,-0.001235,0.056599
1192,39.733333,0.389729,-0.001458,0.05703
1193,39.766667,0.38973,-0.001376,0.05727
1194,39.8,0.389682,-0.001498,0.057726
1195,39.833333,0.389632,-0.001569,0.058226
1196,39.866667,0.389611,-0.001551,0.05847
1197,39.9,0.389618,-0.001558,0.05839
1198,39.933333,0.389616,-0.001513,0.058307
1199,39.966667,0.389619,-0.001543,0.058372
1200,40,0.389613,-0.001526,0.058357
1201,40.033333,0.389605,-0.001507,0.058338
1202,40.066667,0.389602,-0.001526,0.058383
1203,40.1,0.389612,-0.001509,0.058364
1204,40.133333,0.389607,-0.001512,0.058353
1205,40.166667,0.389578,-0.001506,0.058371
1206,40.2,0.38957,-0.00151,0.05839
1207,40.233333,0.389579,-0.001512,0.058371
1208,40.266667,0.389573,-0.001508,0.058367
1209,40.3,0.389569,-0.001526,0.058384
1210,40.333333,0.389603,-0.001502,0.058294
1211,40.366667,0.389606,-0.0015,0.058275
1212,40.4,0.389586,-0.001511,0.058336
1213,40.433333,0.389601,-0.001491,0.058287
1214,40.466667,0.389613,-0.001508,0.058296
1215,40.5,0.3896,-0.001496,0.058317
1216,40.533333,0.389602,-0.001503,0.058301
1217,40.566667,0.389609,-0.001508,0.058323
1218,40.6,0.389601,-0.001501,0.058328
1219,40.633333,0.389591,-0.001505,0.058303
1220,40.666667,0.389594,-0.001498,0.058325
1221,40.7,0.38959,-0.001505,0.058341
1222,40.733333,0.389584,-0.0015,0.058307
1223,40.766667,0.389591,-0.0015,0.058328
1224,40.8,0.3896,-0.001502,0.05833
1225,40.833333,0.389583,-0.001496,0.058316
1226,40.866667,0.389578,-0.001515,0.058311
1227,40.9,0.389563,-0.001481,0.05833
1228,40.933333,0.389428,-0.001486,0.058348
1229,40.966667,0.389338,-0.001442,0.058339
1230,41,0.389332,-0.001365,0.058162
1231,41.033333,0.389293,-0.001219,0.057595
1232,41.066667,0.38918,-0.001206,0.057368
1233,41.1,0.389074,-0.001123,0.057252
1234,41.133333,0.389025,-0.001151,0.057287
1235,41.166667,0.388885,-0.00111,0.057269
1236,41.2,0.38859,-0.000959,0.056848
1237,41.233333,0.388265,-0.000953,0.055914
1238,41.266667,0.387892,-0.000812,0.053944
1239,41.3,0.387479,-0.000734,0.050936
1240,41.333333,0.386808,-0.00089,0.048145
1241,41.366667,0.386628,-0.000373,0.046876
1242,41.4,0.386181,-0.000669,0.047223
1243,41.433333,0.386119,-0.000922,0.04832
1244,41.466667,0.386063,-0.000767,0.049132
1245,41.5,0.386048,-0.000903,0.049662
1246,41.533333,0.386085,-0.000924,0.050478
1247,41.566667,0.386072,-0.000952,0.051816
1248,41.6,0.386196,-0.001075,0.053135
1249,41.633333,0.386121,-0.001169,0.05387
1250,41.666667,0.386138,-0.001041,0.054005
1251,41.7,0.386169,-0.001166,0.054517
1252,41.733333,0.386249,-0.00115,0.055486
1253,41.766667,0.386301,-0.001078,0.056275
1254,41.8,0.386327,-0.001137,0.05658
1255,41.833333,0.38633,-0.001069,0.05641
1256,41.866667,0.386333,-0.001052,0.056212
1257,41.9,0.386345,-0.001103,0.056304
1258,41.933333,0.386343,-0.001032,0.056352
1259,41.966667,0.386351,-0.001087,0.056322
1260,42,0.386352,-0.001059,0.0563
1261,42.033333,0.386343,-0.001061,0.056333
1262,42.066667,0.386339,-0.001089,0.056332
1263,42.1,0.386349,-0.001049,0.05631
1264,42.133333,0.386355,-0.001087,0.056324
1265,42.166667,0.386349,-0.001065,0.056317
1266,42.2,0.38634,-0.001064,0.056326
1267,42.233333,0.386362,-0.001084,0.056313
1268,42.266667,0.386369,-0.001053,0.056285
1269,42.3,0.386353,-0.001083,0.05629
1270,42.333333,0.386345,-0.001059,0.0563
1271,42.366667,0.386361,-0.001066,0.056311
1272,42.4,0.386358,-0.00108,0.056291
1273,42.433333,0.386347,-0.001051,0.056307
1274,42.466667,0.386357,-0.001087,0.056321
1275,42.5,0.386366,-0.001054,0.056302
1276,42.533333,0.386351,-0.001075,0.056319
1277,42.566667,0.386335,-0.00107,0.056308
1278,42.6,0.386345,-0.001061,0.056335
1279,42.633333,0.386357,-0.001079,0.056326
1280,42.666667,0.38635,-0.001059,0.056311
1281,42.7,0.386363,-0.001076,0.056338
1282,42.733333,0.386374,-0.001077,0.056308
1283,42.766667,0.386376,-0.00107,0.0563
1284,42.8,0.386384,-0.001081,0.056315
1285,42.833333,0.386434,-0.001091,0.056287
1286,42.866667,0.386626,-0.001017,0.056058
1287,42.9,0.386694,-0.00077,0.055517
1288,42.933333,0.386823,-0.000738,0.055011
1289,42.966667,0.387001,-0.000749,0.05487
1290,43,0.387079,-0.000857,0.055017
1291,43.033333,0.387237,-0.000778,0.054955
1292,43.066667,0.387513,-0.000628,0.054213
1293,43.1,0.387902,-0.000494,0.052606
1294,43.133333,0.388509,-0.000443,0.050456
1295,43.166667,0.389174,-0.000437,0.047772
1296,43.2,0.389417,-0.00054,0.044512
1297,43.233333,0.389422,-0.000907,0.041767
1298,43.266667,0.389475,-0.00062,0.040657
1299,43.3,0.389637,-0.000794,0.040602
1300,43.333333,0.38967,-0.000884,0.041144
1301,43.366667,0.389732,-0.000877,0.042037
1302,43.4,0.389671,-0.001093,0.042942
1303,43.433333,0.389636,-0.000899,0.043174
1304,43.466667,0.389686,-0.00098,0.043501
1305,43.5,0.38957,-0.001229,0.044353
1306,43.533333,0.389465,-0.001147,0.045107
1307,43.566667,0.389493,-0.001302,0.045371
1308,43.6,0.389479,-0.00132,0.045614
1309,43.633333,0.38946,-0.001333,0.046105
1310,43.666667,0.389405,-0.001441,0.046691
1311,43.7,0.389331,-0.001473,0.047128
1312,43.733333,0.38932,-0.001515,0.04732
1313,43.766667,0.389326,-0.001471,0.047111
1314,43.8,0.389335,-0.001433,0.046998
1315,43.833333,0.389312,-0.001473,0.047149
1316,43.866667,0.389307,-0.001446,0.047136
1317,43.9,0.389322,-0.001447,0.047067
1318,43.933333,0.38931,-0.00145,0.047115
1319,43.966667,0.389308,-0.001443,0.047122
1320,44,0.389325,-0.001445,0.047063
1321,44.033333,0.389315,-0.001432,0.047088
1322,44.066667,0.38931,-0.001447,0.047147
1323,44.1,0.389342,-0.00144,0.047099
1324,44.133333,0.389337,-0.001442,0.047118
1325,44.166667,0.38929,-0.001442,0.047132
1326,44.2,0.389304,-0.001442,0.0471
1327,44.233333,0.389311,-0.001445,0.047133
1328,44.266667,0.389298,-0.001434,0.047112
1329,44.3,0.389289,-0.001438,0.047112
1330,44.333333,0.389309,-0.001437,0.047123
1331,44.366667,0.389307,-0.001431,0.04709
1332,44.4,0.389304,-0.001442,0.047087
1333,44.433333,0.389431,-0.001297,0.04716
1334,44.466667,0.389435,-0.001292,0.047145
1335,44.5,0.389408,-0.001285,0.047137
1336,44.533333,0.389408,-0.001291,0.047183
1337,44.566667,0.389423,-0.001287,0.047202
1338,44.6,0.389407,-0.001288,0.047178
1339,44.633333,0.389394,-0.001288,0.047185
1340,44.666667,0.389391,-0.001283,0.047212
1341,44.7,0.389369,-0.0013,0.047173
1342,44.733333,0.389323,-0.001302,0.047144
1343,44.766667,0.389301,-0.001284,0.047187
1344,44.8,0.389145,-0.001353,0.047163
1345,44.833333,0.388953,-0.001396,0.047127
1346,44.866667,0.388961,-0.001201,0.046659
1347,44.9,0.388979,-0.001212,0.046146
1348,44.933333,0.388815,-0.001107,0.045951
1349,44.966667,0.388686,-0.001107,0.046018
1350,45,0.388593,-0.001115,0.04594
1351,45.033333,0.388397,-0.000882,0.045515
1352,45.066667,0.387943,-0.000925,0.044693
1353,45.1,0.387593,-0.000907,0.042965
1354,45.133333,0.387216,-0.000817,0.040098
1355,45.166667,0.386641,-0.00077,0.037527
1356,45.2,0.386329,-0.000463,0.036001
1357,45.233333,0.385989,-0.000629,0.035794
1358,45.266667,0.385775,-0.000786,0.03653
1359,45.3,0.385723,-0.000761,0.037638
1360,45.333333,0.385775,-0.000847,0.038262
1361,45.366667,0.385765,-0.000716,0.038511
1362,45.4,0.385712,-0.000939,0.039793
1363,45.433333,0.38578,-0.001058,0.041648
1364,45.466667,0.385942,-0.001085,0.042747
1365,45.5,0.385819,-0.001003,0.042722
1366,45.533333,0.385681,-0.001095,0.042894
1367,45.566667,0.385795,-0.001176,0.044049
1368,45.6,0.385988,-0.00097,0.045
1369,45.633333,0.385941,-0.001087,0.045386
1370,45.666667,0.385867,-0.001095,0.045465
1371,45.7,0.385943,-0.00104,0.045427
1372,45.733333,0.386039,-0.001041,0.045121
1373,45.766667,0.385972,-0.000939,0.045039
1374,45.8,0.385914,-0.001106,0.04553
1375,45.833333,0.385997,-0.001107,0.045541
1376,45.866667,0.386028,-0.000955,0.045053
1377,45.9,0.385933,-0.00103,0.045212
1378,45.933333,0.385918,-0.001108,0.045673
1379,45.966667,0.386017,-0.001098,0.045507
1380,46,0.386011,-0.000972,0.045077
1381,46.033333,0.385922,-0.001021,0.045341
1382,46.066667,0.385951,-0.001134,0.04571
1383,46.1,0.386027,-0.001058,0.045415
1384,46.133333,0.385991,-0.000963,0.045107
1385,46.166667,0.385939,-0.001084,0.045466
1386,46.2,0.385977,-0.001124,0.045673
1387,46.233333,0.386008,-0.00105,0.045315
1388,46.266667,0.385977,-0.000962,0.045141
1389,46.3,0.385956,-0.001098,0.045533
1390,46.333333,0.385994,-0.001135,0.045617
1391,46.366667,0.386001,-0.001009,0.045229
1392,46.4,0.385962,-0.001017,0.045229
1393,46.433333,0.385974,-0.001096,0.045581
1394,46.466667,0.385999,-0.001105,0.045524
1395,46.5,0.385996,-0.001009,0.045194
1396,46.533333,0.385982,-0.001029,0.045334
1397,46.566667,0.385976,-0.001121,0.045611
1398,46.6,0.386002,-0.001082,0.045441
1399,46.633333,0.386003,-0.001007,0.045193
1400,46.666667,0.386002,-0.00108,0.045416
1401,46.7,0.386078,-0.001082,0.045442
1402,46.733333,0.386275,-0.000882,0.044955
1403,46.766667,0.386383,-0.00071,0.044229
1404,46.8,0.386516,-0.000635,0.043835
1405,46.833333,0.386592,-0.000732,0.044105
1406,46.866667,0.386719,-0.000748,0.044332
1407,46.9,0.386915,-0.000652,0.044018
1408,46.933333,0.387167,-0.000546,0.042988
1409,46.966667,0.387532,-0.00044,0.041382
1410,47,0.388055,-0.000462,0.039471
1411,47.033333,0.388637,-0.000324,0.037123
1412,47.066667,0.388835,-0.000428,0.034134
1413,47.1,0.388958,-0.0009,0.031352
1414,47.133333,0.389075,-0.000598,0.030313
1415,47.166667,0.389208,-0.00067,0.030211
1416,47.2,0.389255,-0.000854,0.030728
1417,47.233333,0.389279,-0.000774,0.031522
1418,47.266667,0.38925,-0.000997,0.032394
1419,47.3,0.389132,-0.000862,0.032865
1420,47.333333,0.389159,-0.000968,0.033377
1421,47.366667,0.389077,-0.001166,0.034079
1422,47.4,0.389022,-0.001088,0.034507
1423,47.433333,0.389029,-0.001199,0.034867
1424,47.466667,0.388991,-0.001281,0.035351
1425,47.5,0.388948,-0.001294,0.035828
1426,47.533333,0.388894,-0.001463,0.036309
1427,47.566667,0.388867,-0.001381,0.036551
1428,47.6,0.388869,-0.001401,0.036555
1429,47.633333,0.388888,-0.001367,0.036418
1430,47.666667,0.388874,-0.001373,0.036504
1431,47.7,0.38885,-0.00139,0.03661
1432,47.733333,0.388876,-0.001367,0.036487
1433,47.766667,0.388877,-0.001387,0.036466
1434,47.8,0.388852,-0.001373,0.036582
1435,47.833333,0.388848,-0.001383,0.036579
1436,47.866667,0.388869,-0.001376,0.03648
1437,47.9,0.388867,-0.001376,0.036504
1438,47.933333,0.388844,-0.00138,0.036575
1439,47.966667,0.388848,-0.001374,0.036554
1440,48,0.388867,-0.001374,0.036483
1441,48.033333,0.388855,-0.001378,0.036515
1442,48.066667,0.388836,-0.001382,0.036586
1443,48.1,0.388853,-0.001379,0.03654
1444,48.133333,0.388863,-0.001368,0.036486
1445,48.166667,0.388843,-0.00138,0.036547
1446,48.2,0.388836,-0.00138,0.036577
1447,48.233333,0.388857,-0.001374,0.036524
1448,48.266667,0.388855,-0.001374,0.036506
1449,48.3,0.388835,-0.001378,0.036563
1450,48.333333,0.388836,-0.001383,0.036578
1451,48.366667,0.388851,-0.001375,0.036515
1452,48.4,0.388851,-0.001375,0.036521
1453,48.433333,0.388836,-0.001378,0.036578
1454,48.466667,0.388843,-0.001372,0.036563
1455,48.5,0.388848,-0.001377,0.036515
1456,48.533333,0.388844,-0.001374,0.036539
1457,48.566667,0.388831,-0.001379,0.036586
1458,48.6,0.388814,-0.001379,0.036603
1459,48.633333,0.388742,-0.001393,0.036563
1460,48.666667,0.388677,-0.001313,0.036526
1461,48.7,0.388586,-0.001297,0.036545
1462,48.733333,0.388569,-0.001161,0.036135
1463,48.766667,0.388551,-0.001128,0.03578
1464,48.8,0.388395,-0.00106,0.035458
1465,48.833333,0.388283,-0.00101,0.035389
1466,48.866667,0.38819,-0.00101,0.035442
1467,48.9,0.387946,-0.000872,0.035195
1468,48.933333,0.387566,-0.000832,0.034494
1469,48.966667,0.3872,-0.000771,0.032887
1470,49,0.386851,-0.000733,0.030215
1471,49.033333,0.38633,-0.00083,0.027145
1472,49.066667,0.386219,-0.000337,0.025338
1473,49.1,0.385711,-0.000444,0.02485
1474,49.133333,0.385614,-0.000712,0.025723
1475,49.166667,0.385538,-0.000659,0.026645
1476,49.2,0.385513,-0.000736,0.027521
1477,49.233333,0.38553,-0.000754,0.028176
1478,49.266667,0.385501,-0.000792,0.029228
1479,49.3,0.385527,-0.000864,0.030476
1480,49.333333,0.385535,-0.001087,0.031519
1481,49.366667,0.385557,-0.000962,0.031888
1482,49.4,0.385547,-0.000987,0.032234
1483,49.433333,0.385578,-0.001077,0.032972
1484,49.466667,0.385659,-0.000909,0.03387
1485,49.5,0.385656,-0.000996,0.034492
1486,49.533333,0.385658,-0.001036,0.034515
1487,49.566667,0.38567,-0.000899,0.034303
1488,49.6,0.385683,-0.001,0.03435
1489,49.633333,0.385688,-0.000949,0.034334
1490,49.666667,0.385684,-0.000934,0.03432
1491,49.7,0.385679,-0.001012,0.03438
1492,49.733333,0.385684,-0.000915,0.034313
1493,49.766667,0.385683,-0.000992,0.034347
1494,49.8,0.385674,-0.00095,0.034338
1495,49.833333,0.385673,-0.000968,0.034359
1496,49.866667,0.385684,-0.000986,0.034339
1497,49.9,0.385683,-0.000933,0.034317
1498,49.933333,0.385675,-0.001004,0.034373
1499,49.966667,0.38568,-0.000961,0.03433
1500,50,0.385685,-0.000972,0.034338
1501,50.033333,0.385684,-0.000985,0.034342
1502,50.066667,0.385681,-0.000967,0.034356
1503,50.1,0.385686,-0.000988,0.034359
1504,50.133333,0.385694,-0.000953,0.034314
1505,50.166667,0.385687,-0.000981,0.034361
1506,50.2,0.385684,-0.000982,0.034352
1507,50.233333,0.385694,-0.000963,0.034334
1508,50.266667,0.385694,-0.000984,0.034346
1509,50.3,0.385688,-0.000972,0.034343
1510,50.333333,0.38569,-0.000983,0.034359
1511,50.366667,0.385696,-0.000974,0.034338
1512,50.4,0.385693,-0.000976,0.034346
1513,50.433333,0.385689,-0.00098,0.034359
1514,50.466667,0.385696,-0.000975,0.03435
1515,50.5,0.385702,-0.000975,0.03434
1516,50.533333,0.385722,-0.001007,0.034336
