Frame,Time (Seconds),X,Y,Z,,,,,,,,,,,,,,,
0,0,0.491656,-0.004615,0.068392,,,,,,,,,,,,,,,
1,0.033333,0.491647,-0.004613,0.068402,,,,,,,,,,,,,,,
2,0.066667,0.491579,-0.004596,0.068618,,,,,,,,,,,,,,,
3,0.1,0.491431,-0.004576,0.069065,,,,,,,,,,,,,,,velocity - 0.3 mm/s
4,0.133333,0.491484,-0.004599,0.069286,,,,,,,,,,,,,,,
5,0.166667,0.491473,-0.004612,0.069319,,,,,,,,,,,,,,,
6,0.2,0.491478,-0.00462,0.0693,,,,,,,,,,,,,,,
7,0.233333,0.491515,-0.004617,0.069297,,,,,,,,,,,,,,,
8,0.266667,0.491548,-0.004623,0.069277,,,,,,,,,,,,,,,
9,0.3,0.491596,-0.004607,0.069251,,,,,,,,,,,,,,,
10,0.333333,0.491652,-0.004618,0.069241,,,,,,,,,,,,,,,
11,0.366667,0.491677,-0.004606,0.069246,,,,,,,,,,,,,,,
12,0.4,0.491692,-0.004603,0.06923,,,,,,,,,,,,,,,
13,0.433333,0.491709,-0.004596,0.069236,,,,,,,,,,,,,,,
14,0.466667,0.491714,-0.004596,0.069245,,,,,,,,,,,,,,,
15,0.5,0.491708,-0.004597,0.069239,,,,,,,,,,,,,,,
16,0.533333,0.491705,-0.004597,0.06924,,,,,,,,,,,,,,,
17,0.566667,0.49171,-0.004592,0.069251,,,,,,,,,,,,,,,
18,0.6,0.491707,-0.004596,0.06924,,,,,,,,,,,,,,,
19,0.633333,0.491709,-0.004597,0.069237,,,,,,,,,,,,,,,
20,0.666667,0.491707,-0.004592,0.069247,,,,,,,,,,,,,,,
21,0.7,0.491706,-0.004595,0.069242,,,,,,,,,,,,,,,
22,0.733333,0.491703,-0.004594,0.069241,,,,,,,,,,,,,,,
23,0.766667,0.491703,-0.004597,0.069249,,,,,,,,,,,,,,,
24,0.8,0.491707,-0.004592,0.069244,,,,,,,,,,,,,,,
25,0.833333,0.491699,-0.004595,0.069242,,,,,,,,,,,,,,,
26,0.866667,0.491698,-0.00459,0.069248,,,,,,,,,,,,,,,
27,0.9,0.491702,-0.004591,0.069242,,,,,,,,,,,,,,,
28,0.933333,0.491707,-0.00459,0.069243,,,,,,,,,,,,,,,
29,0.966667,0.491697,-0.00459,0.069246,,,,,,,,,,,,,,,
30,1,0.491702,-0.004592,0.069243,,,,,,,,,,,,,,,
31,1.033333,0.491699,-0.004589,0.069239,,,,,,,,,,,,,,,
32,1.066667,0.491696,-0.004591,0.069248,,,,,,,,,,,,,,,
33,1.1,0.491699,-0.00459,0.069245,,,,,,,,,,,,,,,
34,1.133333,0.491697,-0.004591,0.069243,,,,,,,,,,,,,,,
35,1.166667,0.491694,-0.004593,0.069246,,,,,,,,,,,,,,,
36,1.2,0.4917,-0.004591,0.069243,,,,,,,,,,,,,,,
37,1.233333,0.491695,-0.004591,0.069242,,,,,,,,,,,,,,,
38,1.266667,0.491694,-0.004589,0.069245,,,,,,,,,,,,,,,
39,1.3,0.491696,-0.004589,0.069247,,,,,,,,,,,,,,,
40,1.333333,0.491694,-0.004589,0.069243,,,,,,,,,,,,,,,
41,1.366667,0.491693,-0.004592,0.069248,,,,,,,,,,,,,,,
42,1.4,0.491697,-0.004588,0.069246,,,,,,,,,,,,,,,
43,1.433333,0.491696,-0.004591,0.069244,,,,,,,,,,,,,,,
44,1.466667,0.491691,-0.004593,0.069248,,,,,,,,,,,,,,,
45,1.5,0.491684,-0.004587,0.069245,,,,,,,,,,,,,,,
46,1.533333,,,,,,,,,,,,,,,,,,
47,1.566667,0.491611,-0.00458,0.069309,,,,,,,,,,,,,,,
48,1.6,0.491575,-0.004593,0.069431,,,,,,,,,,,,,,,
49,1.633333,0.491525,-0.004581,0.069577,,,,,,,,,,,,,,,
50,1.666667,0.49149,-0.004589,0.069679,,,,,,,,,,,,,,,
51,1.7,0.491444,-0.004582,0.069811,,,,,,,,,,,,,,,
52,1.733333,0.491436,-0.00459,0.069887,,,,,,,,,,,,,,,
53,1.766667,0.49143,-0.004595,0.069958,,,,,,,,,,,,,,,
54,1.8,0.491435,-0.004598,0.070062,,,,,,,,,,,,,,,
55,1.833333,0.491457,-0.004608,0.070122,,,,,,,,,,,,,,,
56,1.866667,0.491474,-0.004619,0.070203,,,,,,,,,,,,,,,
57,1.9,0.491473,-0.004611,0.070265,,,,,,,,,,,,,,,
58,1.933333,0.491474,-0.004608,0.070287,,,,,,,,,,,,,,,
59,1.966667,0.491461,-0.00461,0.070292,,,,,,,,,,,,,,,
60,2,0.49143,-0.004626,0.070299,,,,,,,,,,,,,,,
61,2.033333,0.491423,-0.00462,0.07031,,,,,,,,,,,,,,,
62,2.066667,0.491392,-0.004609,0.070315,,,,,,,,,,,,,,,
63,2.1,0.491368,-0.004612,0.070224,,,,,,,,,,,,,,,
64,2.133333,0.491348,-0.004615,0.070127,,,,,,,,,,,,,,,
65,2.166667,0.491321,-0.00463,0.070039,,,,,,,,,,,,,,,
66,2.2,0.491301,-0.004668,0.069977,,,,,,,,,,,,,,,
67,2.233333,0.491285,-0.004608,0.069967,,,,,,,,,,,,,,,
68,2.266667,0.491259,-0.004635,0.069902,,,,,,,,,,,,,,,
69,2.3,0.491218,-0.00463,0.069866,,,,,,,,,,,,,,,
70,2.333333,0.491202,-0.00464,0.069807,,,,,,,,,,,,,,,
71,2.366667,0.491178,-0.004639,0.069782,,,,,,,,,,,,,,,
72,2.4,0.491172,-0.004635,0.069779,,,,,,,,,,,,,,,
73,2.433333,0.491173,-0.004637,0.069775,,,,,,,,,,,,,,,
74,2.466667,0.491172,-0.004639,0.069775,,,,,,,,,,,,,,,
75,2.5,0.491171,-0.004624,0.069774,,,,,,,,,,,,,,,
76,2.533333,0.491173,-0.004628,0.069775,,,,,,,,,,,,,,,
77,2.566667,0.491171,-0.004636,0.069778,,,,,,,,,,,,,,,
78,2.6,0.491172,-0.004635,0.069781,,,,,,,,,,,,,,,
79,2.633333,0.491174,-0.004624,0.069779,,,,,,,,,,,,,,,
80,2.666667,0.491174,-0.004634,0.069779,,,,,,,,,,,,,,,
81,2.7,0.491174,-0.004624,0.069778,,,,,,,,,,,,,,,
82,2.733333,0.491175,-0.004627,0.06978,,,,,,,,,,,,,,,
83,2.766667,0.491175,-0.004627,0.069781,,,,,,,,,,,,,,,
84,2.8,0.491171,-0.004635,0.069778,,,,,,,,,,,,,,,
85,2.833333,0.491176,-0.004623,0.069778,,,,,,,,,,,,,,,
86,2.866667,0.491174,-0.004634,0.069779,,,,,,,,,,,,,,,
87,2.9,0.491173,-0.004632,0.069781,,,,,,,,,,,,,,,
88,2.933333,0.491175,-0.004629,0.069779,,,,,,,,,,,,,,,
89,2.966667,0.491175,-0.004636,0.069779,,,,,,,,,,,,,,,
90,3,0.491171,-0.004638,0.069781,,,,,,,,,,,,,,,
91,3.033333,0.491178,-0.004629,0.069781,,,,,,,,,,,,,,,
92,3.066667,0.491174,-0.004637,0.069779,,,,,,,,,,,,,,,
93,3.1,0.491175,-0.004632,0.069781,,,,,,,,,,,,,,,
94,3.133333,0.491173,-0.004638,0.069779,,,,,,,,,,,,,,,
95,3.166667,0.491175,-0.004636,0.069778,,,,,,,,,,,,,,,
96,3.2,0.491172,-0.004635,0.069782,,,,,,,,,,,,,,,
97,3.233333,0.491175,-0.004634,0.069779,,,,,,,,,,,,,,,
98,3.266667,0.491174,-0.004631,0.069783,,,,,,,,,,,,,,,
99,3.3,0.491176,-0.004627,0.069785,,,,,,,,,,,,,,,
100,3.333333,0.491175,-0.004634,0.069779,,,,,,,,,,,,,,,
101,3.366667,0.491175,-0.004626,0.069784,,,,,,,,,,,,,,,
102,3.4,0.491179,-0.004627,0.069785,,,,,,,,,,,,,,,
103,3.433333,0.491183,-0.004624,0.069791,,,,,,,,,,,,,,,
104,3.466667,0.491213,-0.004612,0.06982,,,,,,,,,,,,,,,
105,3.5,0.491254,-0.004609,0.069857,,,,,,,,,,,,,,,
106,3.533333,0.491268,-0.004604,0.069863,,,,,,,,,,,,,,,
107,3.566667,0.491272,-0.004597,0.069887,,,,,,,,,,,,,,,
108,3.6,0.491299,-0.004593,0.069905,,,,,,,,,,,,,,,
109,3.633333,0.491314,-0.004587,0.069948,,,,,,,,,,,,,,,
110,3.666667,0.491322,-0.004587,0.069986,,,,,,,,,,,,,,,
111,3.7,0.491324,-0.00459,0.070021,,,,,,,,,,,,,,,
112,3.733333,0.491327,-0.004594,0.070061,,,,,,,,,,,,,,,
113,3.766667,0.491326,-0.004599,0.070106,,,,,,,,,,,,,,,
114,3.8,0.491327,-0.004562,0.070169,,,,,,,,,,,,,,,
115,3.833333,0.491335,-0.004557,0.0702,,,,,,,,,,,,,,,
116,3.866667,0.491325,-0.004568,0.070229,,,,,,,,,,,,,,,
117,3.9,0.491331,-0.004567,0.070244,,,,,,,,,,,,,,,
118,3.933333,0.491343,-0.004566,0.070258,,,,,,,,,,,,,,,
119,3.966667,0.491362,-0.004569,0.070278,,,,,,,,,,,,,,,
120,4,0.491387,-0.004583,0.070294,,,,,,,,,,,,,,,
121,4.033333,0.491436,-0.004598,0.070278,,,,,,,,,,,,,,,
122,4.066667,0.491487,-0.004632,0.070244,,,,,,,,,,,,,,,
123,4.1,0.491549,-0.004641,0.070206,,,,,,,,,,,,,,,
124,4.133333,0.491625,-0.004625,0.070248,,,,,,,,,,,,,,,
125,4.166667,0.491681,-0.004605,0.070253,,,,,,,,,,,,,,,
126,4.2,0.49175,-0.004586,0.070271,,,,,,,,,,,,,,,
127,4.233333,0.491784,-0.004589,0.070276,,,,,,,,,,,,,,,
128,4.266667,0.491822,-0.004587,0.070287,,,,,,,,,,,,,,,
129,4.3,0.491847,-0.004578,0.070292,,,,,,,,,,,,,,,
130,4.333333,0.491859,-0.004582,0.070304,,,,,,,,,,,,,,,
131,4.366667,0.491865,-0.004578,0.070304,,,,,,,,,,,,,,,
132,4.4,0.491868,-0.004569,0.070315,,,,,,,,,,,,,,,
133,4.433333,0.491866,-0.004575,0.070312,,,,,,,,,,,,,,,
134,4.466667,0.491868,-0.004578,0.070313,,,,,,,,,,,,,,,
135,4.5,0.491866,-0.004574,0.070314,,,,,,,,,,,,,,,
136,4.533333,0.491867,-0.004574,0.070317,,,,,,,,,,,,,,,
137,4.566667,0.491868,-0.004576,0.070315,,,,,,,,,,,,,,,
138,4.6,0.491866,-0.004572,0.070317,,,,,,,,,,,,,,,
139,4.633333,0.491867,-0.004571,0.070316,,,,,,,,,,,,,,,
140,4.666667,0.491867,-0.004576,0.070318,,,,,,,,,,,,,,,
141,4.7,0.491866,-0.004573,0.070317,,,,,,,,,,,,,,,
142,4.733333,0.491864,-0.004574,0.070317,,,,,,,,,,,,,,,
143,4.766667,0.491866,-0.004575,0.070317,,,,,,,,,,,,,,,
144,4.8,0.491865,-0.004573,0.070319,,,,,,,,,,,,,,,
145,4.833333,0.491865,-0.004576,0.070318,,,,,,,,,,,,,,,
146,4.866667,0.491867,-0.004574,0.070314,,,,,,,,,,,,,,,
147,4.9,0.491862,-0.004577,0.070319,,,,,,,,,,,,,,,
148,4.933333,0.491864,-0.004576,0.070316,,,,,,,,,,,,,,,
149,4.966667,0.491866,-0.004574,0.070316,,,,,,,,,,,,,,,
150,5,0.491864,-0.004572,0.070319,,,,,,,,,,,,,,,
151,5.033333,0.491863,-0.004578,0.070317,,,,,,,,,,,,,,,
152,5.066667,0.491865,-0.004574,0.070315,,,,,,,,,,,,,,,
153,5.1,0.491864,-0.004575,0.070319,,,,,,,,,,,,,,,
154,5.133333,0.491864,-0.004573,0.070315,,,,,,,,,,,,,,,
155,5.166667,0.491863,-0.004566,0.070315,,,,,,,,,,,,,,,
156,5.2,0.491861,-0.004576,0.07032,,,,,,,,,,,,,,,
157,5.233333,0.491862,-0.004569,0.070317,,,,,,,,,,,,,,,
158,5.266667,0.491863,-0.004572,0.070318,,,,,,,,,,,,,,,
159,5.3,0.49186,-0.004574,0.070316,,,,,,,,,,,,,,,
160,5.333333,0.49186,-0.004571,0.070319,,,,,,,,,,,,,,,
161,5.366667,0.491843,-0.004571,0.070317,,,,,,,,,,,,,,,
162,5.4,0.491799,-0.00456,0.070349,,,,,,,,,,,,,,,
163,5.433333,0.491785,-0.004562,0.070391,,,,,,,,,,,,,,,
164,5.466667,0.491774,-0.004566,0.070488,,,,,,,,,,,,,,,
165,5.5,0.491747,-0.004566,0.070625,,,,,,,,,,,,,,,
166,5.533333,0.49173,-0.004547,0.070713,,,,,,,,,,,,,,,
167,5.566667,0.491718,-0.00455,0.070813,,,,,,,,,,,,,,,
168,5.6,0.491716,-0.00457,0.070925,,,,,,,,,,,,,,,
169,5.633333,0.491735,-0.004581,0.070997,,,,,,,,,,,,,,,
170,5.666667,0.491723,-0.004602,0.071068,,,,,,,,,,,,,,,
171,5.7,0.491738,-0.004602,0.071161,,,,,,,,,,,,,,,
172,5.733333,0.491747,-0.004604,0.071221,,,,,,,,,,,,,,,
173,5.766667,0.491751,-0.004613,0.071244,,,,,,,,,,,,,,,
174,5.8,0.491751,-0.004586,0.071242,,,,,,,,,,,,,,,
175,5.833333,0.491755,-0.00461,0.071261,,,,,,,,,,,,,,,
176,5.866667,0.491747,-0.004608,0.071264,,,,,,,,,,,,,,,
177,5.9,0.491732,-0.004614,0.07127,,,,,,,,,,,,,,,
178,5.933333,0.491715,-0.004611,0.071281,,,,,,,,,,,,,,,
179,5.966667,0.491695,-0.004611,0.0713,,,,,,,,,,,,,,,
180,6,0.49167,-0.004607,0.071299,,,,,,,,,,,,,,,
181,6.033333,0.491645,-0.004604,0.0713,,,,,,,,,,,,,,,
182,6.066667,0.491609,-0.004611,0.071294,,,,,,,,,,,,,,,
183,6.1,0.491577,-0.00463,0.071263,,,,,,,,,,,,,,,
184,6.133333,0.491556,-0.004643,0.071237,,,,,,,,,,,,,,,
185,6.166667,0.491542,-0.004638,0.071203,,,,,,,,,,,,,,,
186,6.2,0.491526,-0.004636,0.071136,,,,,,,,,,,,,,,
187,6.233333,0.491502,-0.004628,0.071116,,,,,,,,,,,,,,,
188,6.266667,0.491497,-0.00462,0.071123,,,,,,,,,,,,,,,
189,6.3,0.491495,-0.004623,0.071122,,,,,,,,,,,,,,,
190,6.333333,0.491493,-0.004618,0.07111,,,,,,,,,,,,,,,
191,6.366667,0.491492,-0.004617,0.071116,,,,,,,,,,,,,,,
192,6.4,0.491495,-0.004611,0.071118,,,,,,,,,,,,,,,
193,6.433333,0.491496,-0.004615,0.071123,,,,,,,,,,,,,,,
194,6.466667,0.491498,-0.004615,0.071127,,,,,,,,,,,,,,,
195,6.5,0.491499,-0.00462,0.071126,,,,,,,,,,,,,,,
196,6.533333,0.491499,-0.004617,0.071128,,,,,,,,,,,,,,,
197,6.566667,0.491498,-0.004616,0.07113,,,,,,,,,,,,,,,
198,6.6,0.491498,-0.004616,0.071132,,,,,,,,,,,,,,,
199,6.633333,0.491498,-0.004613,0.07113,,,,,,,,,,,,,,,
200,6.666667,0.491499,-0.004609,0.071126,,,,,,,,,,,,,,,
201,6.7,0.491498,-0.004608,0.071127,,,,,,,,,,,,,,,
202,6.733333,0.491498,-0.004613,0.071134,,,,,,,,,,,,,,,
203,6.766667,0.4915,-0.004609,0.071134,,,,,,,,,,,,,,,
204,6.8,0.491499,-0.004606,0.071125,,,,,,,,,,,,,,,
205,6.833333,0.491497,-0.004608,0.071128,,,,,,,,,,,,,,,
206,6.866667,0.4915,-0.004613,0.071134,,,,,,,,,,,,,,,
207,6.9,0.4915,-0.004614,0.071134,,,,,,,,,,,,,,,
208,6.933333,0.491498,-0.004613,0.071133,,,,,,,,,,,,,,,
209,6.966667,0.491499,-0.004616,0.071136,,,,,,,,,,,,,,,
210,7,0.491499,-0.004614,0.071131,,,,,,,,,,,,,,,
211,7.033333,0.491498,-0.004612,0.071132,,,,,,,,,,,,,,,
212,7.066667,0.491498,-0.004608,0.071128,,,,,,,,,,,,,,,
213,7.1,0.491503,-0.004616,0.071139,,,,,,,,,,,,,,,
214,7.133333,0.491501,-0.004609,0.071131,,,,,,,,,,,,,,,
215,7.166667,0.491499,-0.004613,0.071135,,,,,,,,,,,,,,,
216,7.2,0.491499,-0.004604,0.071129,,,,,,,,,,,,,,,
217,7.233333,0.491501,-0.004615,0.071138,,,,,,,,,,,,,,,
218,7.266667,0.4915,-0.004615,0.071139,,,,,,,,,,,,,,,
219,7.3,0.491513,-0.004606,0.071154,,,,,,,,,,,,,,,
220,7.333333,0.491559,-0.004608,0.071198,,,,,,,,,,,,,,,
221,7.366667,0.491579,-0.004602,0.071218,,,,,,,,,,,,,,,
222,7.4,0.491585,-0.004605,0.071253,,,,,,,,,,,,,,,
223,7.433333,0.491611,-0.004597,0.071265,,,,,,,,,,,,,,,
224,7.466667,0.491625,-0.00459,0.071301,,,,,,,,,,,,,,,
225,7.5,0.491634,-0.004587,0.071322,,,,,,,,,,,,,,,
226,7.533333,0.491637,-0.00459,0.071346,,,,,,,,,,,,,,,
227,7.566667,0.491645,-0.004577,0.071393,,,,,,,,,,,,,,,
228,7.6,0.491651,-0.004573,0.071448,,,,,,,,,,,,,,,
229,7.633333,0.491653,-0.00458,0.07149,,,,,,,,,,,,,,,
230,7.666667,0.491653,-0.004576,0.071526,,,,,,,,,,,,,,,
231,7.7,0.491647,-0.004576,0.071564,,,,,,,,,,,,,,,
232,7.733333,0.49164,-0.004579,0.071589,,,,,,,,,,,,,,,
233,7.766667,0.49165,-0.004572,0.071605,,,,,,,,,,,,,,,
234,7.8,0.491652,-0.004593,0.071628,,,,,,,,,,,,,,,
235,7.833333,0.491667,-0.0046,0.071632,,,,,,,,,,,,,,,
236,7.866667,0.491704,-0.004578,0.071627,,,,,,,,,,,,,,,
237,7.9,0.491747,-0.004592,0.071614,,,,,,,,,,,,,,,
238,7.933333,0.491811,-0.004583,0.071569,,,,,,,,,,,,,,,
239,7.966667,0.491872,-0.004602,0.071541,,,,,,,,,,,,,,,
240,8,0.491931,-0.004592,0.071614,,,,,,,,,,,,,,,
241,8.033333,0.492001,-0.004573,0.071633,,,,,,,,,,,,,,,
242,8.066667,0.492059,-0.004568,0.071637,,,,,,,,,,,,,,,
243,8.1,0.492112,-0.00455,0.071644,,,,,,,,,,,,,,,
244,8.133333,0.49213,-0.00455,0.071663,,,,,,,,,,,,,,,
245,8.166667,0.492147,-0.004573,0.071678,,,,,,,,,,,,,,,
246,8.2,0.492161,-0.004561,0.071683,,,,,,,,,,,,,,,
247,8.233333,0.492162,-0.004562,0.071689,,,,,,,,,,,,,,,
248,8.266667,0.492161,-0.004563,0.071689,,,,,,,,,,,,,,,
249,8.3,0.492163,-0.004566,0.071691,,,,,,,,,,,,,,,
250,8.333333,0.49216,-0.004562,0.071693,,,,,,,,,,,,,,,
251,8.366667,0.49216,-0.004559,0.071693,,,,,,,,,,,,,,,
252,8.4,0.49216,-0.004563,0.071693,,,,,,,,,,,,,,,
253,8.433333,0.492162,-0.004565,0.071693,,,,,,,,,,,,,,,
254,8.466667,0.492159,-0.004564,0.071695,,,,,,,,,,,,,,,
255,8.5,0.49216,-0.004561,0.071693,,,,,,,,,,,,,,,
256,8.533333,0.492157,-0.004561,0.071696,,,,,,,,,,,,,,,
257,8.566667,0.492159,-0.004566,0.071697,,,,,,,,,,,,,,,
258,8.6,0.492155,-0.004562,0.071694,,,,,,,,,,,,,,,
259,8.633333,0.492157,-0.004563,0.071696,,,,,,,,,,,,,,,
260,8.666667,0.492157,-0.004562,0.071695,,,,,,,,,,,,,,,
261,8.7,0.492156,-0.00456,0.071694,,,,,,,,,,,,,,,
262,8.733333,0.492157,-0.004562,0.071694,,,,,,,,,,,,,,,
263,8.766667,0.492157,-0.00456,0.071695,,,,,,,,,,,,,,,
264,8.8,0.492155,-0.004559,0.071696,,,,,,,,,,,,,,,
265,8.833333,0.492155,-0.004564,0.071695,,,,,,,,,,,,,,,
266,8.866667,0.492156,-0.004561,0.071695,,,,,,,,,,,,,,,
267,8.9,0.492155,-0.004561,0.071698,,,,,,,,,,,,,,,
268,8.933333,0.492155,-0.004561,0.071696,,,,,,,,,,,,,,,
269,8.966667,0.492155,-0.004564,0.071695,,,,,,,,,,,,,,,
270,9,0.492155,-0.004562,0.071697,,,,,,,,,,,,,,,
271,9.033333,0.492153,-0.004561,0.071693,,,,,,,,,,,,,,,
272,9.066667,0.492158,-0.004562,0.071696,,,,,,,,,,,,,,,
273,9.1,0.492154,-0.00456,0.071696,,,,,,,,,,,,,,,
274,9.133333,0.492157,-0.00456,0.071694,,,,,,,,,,,,,,,
275,9.166667,0.492156,-0.004559,0.071697,,,,,,,,,,,,,,,
276,9.2,0.492146,-0.004559,0.071696,,,,,,,,,,,,,,,
277,9.233333,0.492134,-0.004559,0.071701,,,,,,,,,,,,,,,
278,9.266667,0.492085,-0.004559,0.071775,,,,,,,,,,,,,,,
279,9.3,0.492078,-0.004567,0.0718,,,,,,,,,,,,,,,
280,9.333333,0.492069,-0.004559,0.07194,,,,,,,,,,,,,,,
281,9.366667,0.492045,-0.004546,0.072003,,,,,,,,,,,,,,,
282,9.4,0.492024,-0.004555,0.072139,,,,,,,,,,,,,,,
283,9.433333,0.49202,-0.004566,0.072204,,,,,,,,,,,,,,,
284,9.466667,0.492029,-0.004576,0.072306,,,,,,,,,,,,,,,
285,9.5,0.492022,-0.0046,0.072414,,,,,,,,,,,,,,,
286,9.533333,0.492023,-0.004624,0.072456,,,,,,,,,,,,,,,
287,9.566667,0.492043,-0.004612,0.072529,,,,,,,,,,,,,,,
288,9.6,0.492047,-0.00463,0.072626,,,,,,,,,,,,,,,
289,9.633333,0.492053,-0.004631,0.072644,,,,,,,,,,,,,,,
290,9.666667,0.492052,-0.004628,0.07265,,,,,,,,,,,,,,,
291,9.7,0.492051,-0.004633,0.072653,,,,,,,,,,,,,,,
292,9.733333,0.492046,-0.004633,0.07266,,,,,,,,,,,,,,,
293,9.766667,0.492009,-0.004651,0.072665,,,,,,,,,,,,,,,
294,9.8,0.491994,-0.004654,0.072683,,,,,,,,,,,,,,,
295,9.833333,0.491975,-0.004653,0.072696,,,,,,,,,,,,,,,
296,9.866667,0.491949,-0.004634,0.072698,,,,,,,,,,,,,,,
297,9.9,0.491922,-0.004636,0.072699,,,,,,,,,,,,,,,
298,9.933333,0.491887,-0.004644,0.072679,,,,,,,,,,,,,,,
299,9.966667,0.491863,-0.004643,0.072645,,,,,,,,,,,,,,,
300,10,0.491848,-0.004646,0.072614,,,,,,,,,,,,,,,
301,10.033333,0.49183,-0.004647,0.072566,,,,,,,,,,,,,,,
302,10.066667,0.491815,-0.004651,0.072529,,,,,,,,,,,,,,,
303,10.1,0.491804,-0.004656,0.072522,,,,,,,,,,,,,,,
304,10.133333,0.491802,-0.004655,0.072523,,,,,,,,,,,,,,,
305,10.166667,0.491801,-0.004663,0.072514,,,,,,,,,,,,,,,
306,10.2,0.491802,-0.00465,0.072526,,,,,,,,,,,,,,,
307,10.233333,0.491801,-0.004652,0.07253,,,,,,,,,,,,,,,
308,10.266667,0.491802,-0.004649,0.072527,,,,,,,,,,,,,,,
309,10.3,0.491806,-0.004658,0.072523,,,,,,,,,,,,,,,
310,10.333333,0.491801,-0.004643,0.072528,,,,,,,,,,,,,,,
311,10.366667,0.491802,-0.004645,0.07253,,,,,,,,,,,,,,,
312,10.4,0.491802,-0.004648,0.072533,,,,,,,,,,,,,,,
313,10.433333,0.491803,-0.004644,0.072532,,,,,,,,,,,,,,,
314,10.466667,0.491803,-0.004647,0.072535,,,,,,,,,,,,,,,
315,10.5,0.491801,-0.004647,0.072534,,,,,,,,,,,,,,,
316,10.533333,0.491804,-0.004658,0.072527,,,,,,,,,,,,,,,
317,10.566667,0.491802,-0.004649,0.072537,,,,,,,,,,,,,,,
318,10.6,0.491802,-0.004647,0.072535,,,,,,,,,,,,,,,
319,10.633333,0.491804,-0.004645,0.072538,,,,,,,,,,,,,,,
320,10.666667,0.491802,-0.004648,0.072535,,,,,,,,,,,,,,,
321,10.7,0.491802,-0.004649,0.072537,,,,,,,,,,,,,,,
322,10.733333,0.491802,-0.004648,0.072539,,,,,,,,,,,,,,,
323,10.766667,0.491804,-0.004648,0.07254,,,,,,,,,,,,,,,
324,10.8,0.491802,-0.00465,0.072536,,,,,,,,,,,,,,,
325,10.833333,0.4918,-0.004647,0.072536,,,,,,,,,,,,,,,
326,10.866667,0.491802,-0.004648,0.072538,,,,,,,,,,,,,,,
327,10.9,0.491803,-0.004648,0.072539,,,,,,,,,,,,,,,
328,10.933333,0.491828,-0.004638,0.072545,,,,,,,,,,,,,,,
329,10.966667,0.491803,-0.004648,0.072538,,,,,,,,,,,,,,,
330,11,0.491801,-0.004647,0.072539,,,,,,,,,,,,,,,
331,11.033333,0.491805,-0.004661,0.072531,,,,,,,,,,,,,,,
332,11.066667,0.491805,-0.004647,0.072539,,,,,,,,,,,,,,,
333,11.1,0.491805,-0.004644,0.072539,,,,,,,,,,,,,,,
334,11.133333,0.491803,-0.004646,0.072542,,,,,,,,,,,,,,,
335,11.166667,0.491818,-0.004643,0.072553,,,,,,,,,,,,,,,
336,11.2,0.49186,-0.004624,0.07261,,,,,,,,,,,,,,,
337,11.233333,0.491884,-0.00461,0.072614,,,,,,,,,,,,,,,
338,11.266667,0.49189,-0.004616,0.072646,,,,,,,,,,,,,,,
339,11.3,0.49191,-0.004611,0.072662,,,,,,,,,,,,,,,
340,11.333333,0.491923,-0.004604,0.072693,,,,,,,,,,,,,,,
341,11.366667,0.491934,-0.004612,0.072708,,,,,,,,,,,,,,,
342,11.4,0.491927,-0.004612,0.07276,,,,,,,,,,,,,,,
343,11.433333,0.491936,-0.004609,0.072787,,,,,,,,,,,,,,,
344,11.466667,0.491931,-0.004618,0.07283,,,,,,,,,,,,,,,
345,11.5,0.491923,-0.004626,0.072883,,,,,,,,,,,,,,,
346,11.533333,0.491924,-0.004626,0.072909,,,,,,,,,,,,,,,
347,11.566667,0.491925,-0.004631,0.072927,,,,,,,,,,,,,,,
348,11.6,0.491924,-0.004626,0.072941,,,,,,,,,,,,,,,
349,11.633333,0.491939,-0.00462,0.072966,,,,,,,,,,,,,,,
350,11.666667,0.491951,-0.004623,0.072982,,,,,,,,,,,,,,,
351,11.7,0.491965,-0.004622,0.073006,,,,,,,,,,,,,,,
352,11.733333,0.492,-0.004628,0.07301,,,,,,,,,,,,,,,
353,11.766667,0.492051,-0.004656,0.072939,,,,,,,,,,,,,,,
354,11.8,0.492094,-0.004659,0.072957,,,,,,,,,,,,,,,
355,11.833333,0.492178,-0.004654,0.072877,,,,,,,,,,,,,,,
356,11.866667,0.492254,-0.004635,0.072943,,,,,,,,,,,,,,,
357,11.9,0.492329,-0.004622,0.072962,,,,,,,,,,,,,,,
358,11.933333,0.49238,-0.004607,0.072979,,,,,,,,,,,,,,,
359,11.966667,0.492425,-0.004576,0.073029,,,,,,,,,,,,,,,
360,12,0.492462,-0.004576,0.073041,,,,,,,,,,,,,,,
361,12.033333,0.492491,-0.004565,0.073046,,,,,,,,,,,,,,,
362,12.066667,0.492494,-0.004561,0.073055,,,,,,,,,,,,,,,
363,12.1,0.492493,-0.004555,0.07306,,,,,,,,,,,,,,,
364,12.133333,0.492495,-0.004563,0.073059,,,,,,,,,,,,,,,
365,12.166667,0.492494,-0.004557,0.073061,,,,,,,,,,,,,,,
366,12.2,0.492493,-0.00456,0.073063,,,,,,,,,,,,,,,
367,12.233333,0.492493,-0.004566,0.073066,,,,,,,,,,,,,,,
368,12.266667,0.492496,-0.004552,0.073063,,,,,,,,,,,,,,,
369,12.3,0.492479,-0.004575,0.073068,,,,,,,,,,,,,,,
370,12.333333,0.492495,-0.004556,0.073063,,,,,,,,,,,,,,,
371,12.366667,0.492493,-0.004559,0.073065,,,,,,,,,,,,,,,
372,12.4,0.492493,-0.00456,0.073063,,,,,,,,,,,,,,,
373,12.433333,0.492491,-0.00456,0.073065,,,,,,,,,,,,,,,
374,12.466667,0.492486,-0.004565,0.073066,,,,,,,,,,,,,,,
375,12.5,0.492492,-0.004557,0.073066,,,,,,,,,,,,,,,
376,12.533333,0.492486,-0.004561,0.073067,,,,,,,,,,,,,,,
377,12.566667,0.492493,-0.004554,0.073067,,,,,,,,,,,,,,,
378,12.6,0.492491,-0.004556,0.073065,,,,,,,,,,,,,,,
379,12.633333,0.492493,-0.004551,0.073067,,,,,,,,,,,,,,,
380,12.666667,0.492491,-0.004561,0.073066,,,,,,,,,,,,,,,
381,12.7,0.49249,-0.004558,0.073064,,,,,,,,,,,,,,,
382,12.733333,0.492492,-0.004562,0.073066,,,,,,,,,,,,,,,
383,12.766667,0.492483,-0.004565,0.073068,,,,,,,,,,,,,,,
384,12.8,0.492491,-0.004555,0.073066,,,,,,,,,,,,,,,
385,12.833333,0.492491,-0.004559,0.073068,,,,,,,,,,,,,,,
386,12.866667,0.492483,-0.004565,0.073068,,,,,,,,,,,,,,,
387,12.9,0.492491,-0.004558,0.07307,,,,,,,,,,,,,,,
388,12.933333,0.49249,-0.004559,0.073065,,,,,,,,,,,,,,,
389,12.966667,0.49249,-0.004562,0.073067,,,,,,,,,,,,,,,
390,13,0.492483,-0.004563,0.07307,,,,,,,,,,,,,,,
391,13.033333,0.492487,-0.00456,0.073065,,,,,,,,,,,,,,,
392,13.066667,0.492464,-0.004577,0.073069,,,,,,,,,,,,,,,
393,13.1,0.492431,-0.004568,0.073071,,,,,,,,,,,,,,,
394,13.133333,0.492416,-0.004566,0.07313,,,,,,,,,,,,,,,
395,13.166667,0.492406,-0.004554,0.073168,,,,,,,,,,,,,,,
396,13.2,0.492391,-0.004548,0.073316,,,,,,,,,,,,,,,
397,13.233333,0.492377,-0.004551,0.073379,,,,,,,,,,,,,,,
398,13.266667,0.492364,-0.004554,0.073507,,,,,,,,,,,,,,,
399,13.3,0.492369,-0.004549,0.073569,,,,,,,,,,,,,,,
400,13.333333,0.492372,-0.004582,0.073677,,,,,,,,,,,,,,,
401,13.366667,0.492377,-0.004591,0.07371,,,,,,,,,,,,,,,
402,13.4,0.492383,-0.004598,0.073775,,,,,,,,,,,,,,,
403,13.433333,0.492397,-0.004614,0.073894,,,,,,,,,,,,,,,
404,13.466667,0.492408,-0.004632,0.07395,,,,,,,,,,,,,,,
405,13.5,0.492406,-0.004622,0.073965,,,,,,,,,,,,,,,
406,13.533333,0.492407,-0.004629,0.07397,,,,,,,,,,,,,,,
407,13.566667,0.492405,-0.004623,0.073975,,,,,,,,,,,,,,,
408,13.6,0.492397,-0.004624,0.073977,,,,,,,,,,,,,,,
409,13.633333,0.492375,-0.004629,0.073986,,,,,,,,,,,,,,,
410,13.666667,0.492361,-0.004634,0.074004,,,,,,,,,,,,,,,
411,13.7,0.492336,-0.004642,0.074027,,,,,,,,,,,,,,,
412,13.733333,0.492301,-0.004623,0.074029,,,,,,,,,,,,,,,
413,13.766667,0.492278,-0.004652,0.07402,,,,,,,,,,,,,,,
414,13.8,0.492247,-0.004615,0.074021,,,,,,,,,,,,,,,
415,13.833333,0.492212,-0.004667,0.073977,,,,,,,,,,,,,,,
416,13.866667,0.4922,-0.004667,0.073927,,,,,,,,,,,,,,,
417,13.9,0.492169,-0.004667,0.07389,,,,,,,,,,,,,,,
418,13.933333,0.492157,-0.004671,0.073857,,,,,,,,,,,,,,,
419,13.966667,0.492157,-0.00467,0.073851,,,,,,,,,,,,,,,
420,14,0.492151,-0.004669,0.073851,,,,,,,,,,,,,,,
421,14.033333,0.492151,-0.004666,0.073853,,,,,,,,,,,,,,,
422,14.066667,0.492151,-0.004668,0.073852,,,,,,,,,,,,,,,
423,14.1,0.49215,-0.004663,0.073852,,,,,,,,,,,,,,,
424,14.133333,0.492149,-0.004665,0.073853,,,,,,,,,,,,,,,
425,14.166667,0.492153,-0.004667,0.073855,,,,,,,,,,,,,,,
426,14.2,0.492152,-0.004665,0.073855,,,,,,,,,,,,,,,
427,14.233333,0.492152,-0.004664,0.073854,,,,,,,,,,,,,,,
428,14.266667,0.492152,-0.004663,0.073856,,,,,,,,,,,,,,,
429,14.3,0.492154,-0.004653,0.073852,,,,,,,,,,,,,,,
430,14.333333,0.492152,-0.004665,0.073858,,,,,,,,,,,,,,,
431,14.366667,0.492151,-0.004666,0.073858,,,,,,,,,,,,,,,
432,14.4,0.492155,-0.004662,0.073858,,,,,,,,,,,,,,,
433,14.433333,0.492151,-0.004663,0.07386,,,,,,,,,,,,,,,
434,14.466667,0.49215,-0.004664,0.073858,,,,,,,,,,,,,,,
435,14.5,0.492156,-0.004656,0.073855,,,,,,,,,,,,,,,
436,14.533333,0.492156,-0.004656,0.073857,,,,,,,,,,,,,,,
437,14.566667,0.492151,-0.004662,0.073859,,,,,,,,,,,,,,,
438,14.6,0.492151,-0.004666,0.07386,,,,,,,,,,,,,,,
439,14.633333,0.492156,-0.004655,0.073854,,,,,,,,,,,,,,,
440,14.666667,0.492155,-0.004657,0.073856,,,,,,,,,,,,,,,
441,14.7,0.492155,-0.004657,0.073857,,,,,,,,,,,,,,,
442,14.733333,0.492154,-0.004655,0.073856,,,,,,,,,,,,,,,
443,14.766667,0.492152,-0.004665,0.073859,,,,,,,,,,,,,,,
444,14.8,0.492152,-0.004663,0.073861,,,,,,,,,,,,,,,
445,14.833333,0.492151,-0.004663,0.07386,,,,,,,,,,,,,,,
446,14.866667,0.492151,-0.004663,0.07386,,,,,,,,,,,,,,,
447,14.9,0.492153,-0.004661,0.07386,,,,,,,,,,,,,,,
448,14.933333,0.492155,-0.004654,0.073857,,,,,,,,,,,,,,,
449,14.966667,0.492151,-0.004661,0.073863,,,,,,,,,,,,,,,
450,15,0.492163,-0.004661,0.07387,,,,,,,,,,,,,,,
451,15.033333,0.492185,-0.004652,0.073894,,,,,,,,,,,,,,,
452,15.066667,0.492231,-0.004637,0.073943,,,,,,,,,,,,,,,
453,15.1,0.492243,-0.004633,0.073952,,,,,,,,,,,,,,,
454,15.133333,0.492257,-0.004634,0.073965,,,,,,,,,,,,,,,
455,15.166667,0.49227,-0.004625,0.073986,,,,,,,,,,,,,,,
456,15.2,0.492281,-0.004624,0.074009,,,,,,,,,,,,,,,
457,15.233333,0.492298,-0.004598,0.074047,,,,,,,,,,,,,,,
458,15.266667,0.4923,-0.004597,0.074079,,,,,,,,,,,,,,,
459,15.3,0.492304,-0.004599,0.074104,,,,,,,,,,,,,,,
460,15.333333,0.492291,-0.004601,0.074144,,,,,,,,,,,,,,,
461,15.366667,0.49229,-0.004603,0.074187,,,,,,,,,,,,,,,
462,15.4,0.492292,-0.004609,0.074212,,,,,,,,,,,,,,,
463,15.433333,0.492288,-0.004605,0.074238,,,,,,,,,,,,,,,
464,15.466667,0.49229,-0.004608,0.074254,,,,,,,,,,,,,,,
465,15.5,0.492309,-0.004602,0.074269,,,,,,,,,,,,,,,
466,15.533333,0.492325,-0.004599,0.074282,,,,,,,,,,,,,,,
467,15.566667,0.492339,-0.00461,0.074289,,,,,,,,,,,,,,,
468,15.6,0.492363,-0.004632,0.0743,,,,,,,,,,,,,,,
469,15.633333,0.492432,-0.004631,0.074212,,,,,,,,,,,,,,,
470,15.666667,0.49248,-0.004638,0.07427,,,,,,,,,,,,,,,
471,15.7,0.492549,-0.004641,0.074233,,,,,,,,,,,,,,,
472,15.733333,0.492613,-0.004643,0.074252,,,,,,,,,,,,,,,
473,15.766667,0.492683,-0.004645,0.074295,,,,,,,,,,,,,,,
474,15.8,0.492729,-0.004638,0.074318,,,,,,,,,,,,,,,
475,15.833333,0.49277,-0.004632,0.074328,,,,,,,,,,,,,,,
476,15.866667,0.4928,-0.004631,0.074343,,,,,,,,,,,,,,,
477,15.9,0.492813,-0.004623,0.074356,,,,,,,,,,,,,,,
478,15.933333,0.492827,-0.004602,0.07436,,,,,,,,,,,,,,,
479,15.966667,0.492826,-0.004602,0.074365,,,,,,,,,,,,,,,
480,16,0.492829,-0.004602,0.074369,,,,,,,,,,,,,,,
481,16.033333,0.492825,-0.004598,0.074368,,,,,,,,,,,,,,,
482,16.066667,0.492826,-0.004604,0.074369,,,,,,,,,,,,,,,
483,16.1,0.492825,-0.004607,0.074368,,,,,,,,,,,,,,,
484,16.133333,0.492828,-0.004602,0.07437,,,,,,,,,,,,,,,
485,16.166667,0.492825,-0.004585,0.074376,,,,,,,,,,,,,,,
486,16.2,0.492823,-0.004599,0.074369,,,,,,,,,,,,,,,
487,16.233333,0.492822,-0.0046,0.074368,,,,,,,,,,,,,,,
488,16.266667,0.492823,-0.004601,0.07437,,,,,,,,,,,,,,,
489,16.3,0.492822,-0.004605,0.074369,,,,,,,,,,,,,,,
490,16.333333,0.492822,-0.004601,0.074371,,,,,,,,,,,,,,,
491,16.366667,0.492824,-0.0046,0.07437,,,,,,,,,,,,,,,
492,16.4,0.492819,-0.0046,0.07437,,,,,,,,,,,,,,,
493,16.433333,0.492825,-0.004601,0.07437,,,,,,,,,,,,,,,
494,16.466667,0.492819,-0.004606,0.074373,,,,,,,,,,,,,,,
495,16.5,0.492822,-0.004602,0.074369,,,,,,,,,,,,,,,
496,16.533333,0.492822,-0.004587,0.074377,,,,,,,,,,,,,,,
497,16.566667,0.492821,-0.0046,0.074371,,,,,,,,,,,,,,,
498,16.6,0.492827,-0.004607,0.07437,,,,,,,,,,,,,,,
499,16.633333,0.492824,-0.004604,0.074371,,,,,,,,,,,,,,,
500,16.666667,0.492826,-0.004602,0.07437,,,,,,,,,,,,,,,
501,16.7,0.492821,-0.004602,0.074371,,,,,,,,,,,,,,,
502,16.733333,0.492823,-0.004604,0.074371,,,,,,,,,,,,,,,
503,16.766667,0.492818,-0.004601,0.074371,,,,,,,,,,,,,,,
504,16.8,0.492824,-0.004585,0.074377,,,,,,,,,,,,,,,
505,16.833333,0.492819,-0.004597,0.07437,,,,,,,,,,,,,,,
506,16.866667,0.492821,-0.0046,0.074371,,,,,,,,,,,,,,,
507,16.9,0.49282,-0.004606,0.074371,,,,,,,,,,,,,,,
508,16.933333,0.492808,-0.004597,0.074371,,,,,,,,,,,,,,,
509,16.966667,0.492752,-0.004624,0.074389,,,,,,,,,,,,,,,
510,17,0.492748,-0.004599,0.074442,,,,,,,,,,,,,,,
511,17.033333,0.492727,-0.004603,0.074528,,,,,,,,,,,,,,,
512,17.066667,0.492707,-0.00458,0.074668,,,,,,,,,,,,,,,
513,17.1,0.492707,-0.004586,0.07474,,,,,,,,,,,,,,,
514,17.133333,0.492705,-0.004555,0.07484,,,,,,,,,,,,,,,
515,17.166667,0.492701,-0.00459,0.07492,,,,,,,,,,,,,,,
516,17.2,0.492714,-0.00462,0.075051,,,,,,,,,,,,,,,
517,17.233333,0.492725,-0.004621,0.075084,,,,,,,,,,,,,,,
518,17.266667,0.492722,-0.004631,0.075187,,,,,,,,,,,,,,,
519,17.3,0.492737,-0.004653,0.075256,,,,,,,,,,,,,,,
520,17.333333,0.492736,-0.004653,0.075282,,,,,,,,,,,,,,,
521,17.366667,0.492735,-0.004651,0.075292,,,,,,,,,,,,,,,
522,17.4,0.492746,-0.004624,0.075313,,,,,,,,,,,,,,,
523,17.433333,0.492734,-0.004655,0.075313,,,,,,,,,,,,,,,
524,17.466667,0.492718,-0.004649,0.075315,,,,,,,,,,,,,,,
525,17.5,0.492706,-0.004654,0.075323,,,,,,,,,,,,,,,
526,17.533333,0.492688,-0.004653,0.075337,,,,,,,,,,,,,,,
527,17.566667,0.492668,-0.004641,0.075351,,,,,,,,,,,,,,,
528,17.6,0.492643,-0.00465,0.075356,,,,,,,,,,,,,,,
529,17.633333,0.492613,-0.004653,0.075344,,,,,,,,,,,,,,,
530,17.666667,0.492579,-0.00464,0.075331,,,,,,,,,,,,,,,
531,17.7,0.492561,-0.004653,0.075297,,,,,,,,,,,,,,,
532,17.733333,0.49253,-0.00466,0.075262,,,,,,,,,,,,,,,
533,17.766667,0.492513,-0.004658,0.075227,,,,,,,,,,,,,,,
534,17.8,0.492505,-0.004648,0.075189,,,,,,,,,,,,,,,
535,17.833333,0.492498,-0.004653,0.075191,,,,,,,,,,,,,,,
536,17.866667,0.492493,-0.004643,0.075194,,,,,,,,,,,,,,,
537,17.9,0.492494,-0.004648,0.075191,,,,,,,,,,,,,,,
538,17.933333,0.492497,-0.004643,0.075194,,,,,,,,,,,,,,,
539,17.966667,0.492494,-0.004646,0.075197,,,,,,,,,,,,,,,
540,18,0.492494,-0.004641,0.075195,,,,,,,,,,,,,,,
541,18.033333,0.492495,-0.004643,0.075197,,,,,,,,,,,,,,,
542,18.066667,0.492496,-0.004642,0.075197,,,,,,,,,,,,,,,
543,18.1,0.492494,-0.004647,0.0752,,,,,,,,,,,,,,,
544,18.133333,0.492498,-0.004642,0.0752,,,,,,,,,,,,,,,
545,18.166667,0.492496,-0.004644,0.075201,,,,,,,,,,,,,,,
546,18.2,0.492496,-0.004642,0.075201,,,,,,,,,,,,,,,
547,18.233333,0.492499,-0.004641,0.075202,,,,,,,,,,,,,,,
548,18.266667,0.492497,-0.004644,0.075202,,,,,,,,,,,,,,,
549,18.3,0.492497,-0.00464,0.075202,,,,,,,,,,,,,,,
550,18.333333,0.492496,-0.004638,0.075205,,,,,,,,,,,,,,,
551,18.366667,0.492499,-0.004644,0.075203,,,,,,,,,,,,,,,
552,18.4,0.492496,-0.004644,0.075204,,,,,,,,,,,,,,,
553,18.433333,0.492498,-0.00464,0.075206,,,,,,,,,,,,,,,
554,18.466667,0.492497,-0.004641,0.075206,,,,,,,,,,,,,,,
555,18.5,0.492497,-0.004641,0.075204,,,,,,,,,,,,,,,
556,18.533333,0.492499,-0.004638,0.075207,,,,,,,,,,,,,,,
557,18.566667,0.492498,-0.004642,0.075205,,,,,,,,,,,,,,,
558,18.6,0.492498,-0.004641,0.075205,,,,,,,,,,,,,,,
559,18.633333,0.492499,-0.004639,0.075207,,,,,,,,,,,,,,,
560,18.666667,0.492499,-0.004635,0.075205,,,,,,,,,,,,,,,
561,18.7,0.492498,-0.004642,0.075206,,,,,,,,,,,,,,,
562,18.733333,0.4925,-0.00464,0.075207,,,,,,,,,,,,,,,
563,18.766667,0.4925,-0.004638,0.075205,,,,,,,,,,,,,,,
564,18.8,0.492497,-0.004637,0.075208,,,,,,,,,,,,,,,
565,18.833333,0.492499,-0.004638,0.075208,,,,,,,,,,,,,,,
566,18.866667,0.49251,-0.004635,0.075218,,,,,,,,,,,,,,,
567,18.9,0.492537,-0.00464,0.075257,,,,,,,,,,,,,,,
568,18.933333,0.492561,-0.004641,0.075286,,,,,,,,,,,,,,,
569,18.966667,0.492565,-0.004633,0.075305,,,,,,,,,,,,,,,
570,19,0.492584,-0.004626,0.075314,,,,,,,,,,,,,,,
571,19.033333,0.492604,-0.004628,0.075327,,,,,,,,,,,,,,,
572,19.066667,0.49261,-0.004629,0.075359,,,,,,,,,,,,,,,
573,19.1,0.492613,-0.004622,0.075389,,,,,,,,,,,,,,,
574,19.133333,0.492623,-0.004635,0.075412,,,,,,,,,,,,,,,
575,19.166667,0.492625,-0.004628,0.075448,,,,,,,,,,,,,,,
576,19.2,0.492623,-0.004623,0.075509,,,,,,,,,,,,,,,
577,19.233333,0.492617,-0.004639,0.075528,,,,,,,,,,,,,,,
578,19.266667,0.492629,-0.004615,0.075555,,,,,,,,,,,,,,,
579,19.3,0.492627,-0.00461,0.075579,,,,,,,,,,,,,,,
580,19.333333,0.492631,-0.004617,0.075592,,,,,,,,,,,,,,,
581,19.366667,0.492644,-0.004614,0.075608,,,,,,,,,,,,,,,
582,19.4,0.492659,-0.004611,0.07563,,,,,,,,,,,,,,,
583,19.433333,0.492689,-0.00462,0.075621,,,,,,,,,,,,,,,
584,19.466667,0.492714,-0.004623,0.075629,,,,,,,,,,,,,,,
585,19.5,0.492782,-0.00464,0.075604,,,,,,,,,,,,,,,
586,19.533333,0.492844,-0.004644,0.075575,,,,,,,,,,,,,,,
587,19.566667,0.492916,-0.004645,0.075576,,,,,,,,,,,,,,,
588,19.6,0.492973,-0.004624,0.0756,,,,,,,,,,,,,,,
589,19.633333,0.493023,-0.004615,0.075635,,,,,,,,,,,,,,,
590,19.666667,0.493066,-0.00461,0.075657,,,,,,,,,,,,,,,
591,19.7,0.493105,-0.004626,0.075685,,,,,,,,,,,,,,,
592,19.733333,0.493122,-0.004625,0.075693,,,,,,,,,,,,,,,
593,19.766667,0.493132,-0.004622,0.075701,,,,,,,,,,,,,,,
594,19.8,0.493131,-0.00462,0.075703,,,,,,,,,,,,,,,
595,19.833333,0.493131,-0.00462,0.075706,,,,,,,,,,,,,,,
596,19.866667,0.493131,-0.004616,0.075707,,,,,,,,,,,,,,,
597,19.9,0.493128,-0.00462,0.075708,,,,,,,,,,,,,,,
598,19.933333,0.493128,-0.004613,0.075709,,,,,,,,,,,,,,,
599,19.966667,0.493128,-0.00462,0.07571,,,,,,,,,,,,,,,
600,20,0.493133,-0.004614,0.075705,,,,,,,,,,,,,,,
601,20.033333,0.493129,-0.004618,0.075706,,,,,,,,,,,,,,,
602,20.066667,0.493127,-0.004616,0.075708,,,,,,,,,,,,,,,
603,20.1,0.493128,-0.004621,0.075711,,,,,,,,,,,,,,,
604,20.133333,0.493127,-0.004622,0.075712,,,,,,,,,,,,,,,
605,20.166667,0.493127,-0.004614,0.075712,,,,,,,,,,,,,,,
606,20.2,0.493128,-0.004617,0.07571,,,,,,,,,,,,,,,
607,20.233333,0.493128,-0.004615,0.075711,,,,,,,,,,,,,,,
608,20.266667,0.493129,-0.004616,0.075712,,,,,,,,,,,,,,,
609,20.3,0.493127,-0.004617,0.075711,,,,,,,,,,,,,,,
610,20.333333,0.493127,-0.00462,0.075715,,,,,,,,,,,,,,,
611,20.366667,0.493126,-0.004616,0.075712,,,,,,,,,,,,,,,
612,20.4,0.493126,-0.004616,0.075713,,,,,,,,,,,,,,,
613,20.433333,0.493127,-0.004613,0.075708,,,,,,,,,,,,,,,
614,20.466667,0.493125,-0.004615,0.075713,,,,,,,,,,,,,,,
615,20.5,0.493127,-0.004616,0.075713,,,,,,,,,,,,,,,
616,20.533333,0.493132,-0.004615,0.075707,,,,,,,,,,,,,,,
617,20.566667,0.493125,-0.004613,0.075712,,,,,,,,,,,,,,,
618,20.6,0.493126,-0.004615,0.075711,,,,,,,,,,,,,,,
619,20.633333,0.493127,-0.004618,0.075713,,,,,,,,,,,,,,,
620,20.666667,0.493127,-0.00461,0.075713,,,,,,,,,,,,,,,
621,20.7,0.493125,-0.004614,0.075714,,,,,,,,,,,,,,,
622,20.733333,0.493126,-0.004614,0.075713,,,,,,,,,,,,,,,
623,20.766667,0.49312,-0.004608,0.075715,,,,,,,,,,,,,,,
624,20.8,0.493105,-0.004612,0.07571,,,,,,,,,,,,,,,
625,20.833333,0.493067,-0.004625,0.075782,,,,,,,,,,,,,,,
626,20.866667,0.493064,-0.004625,0.075799,,,,,,,,,,,,,,,
627,20.9,0.493048,-0.004604,0.075917,,,,,,,,,,,,,,,
628,20.933333,0.493049,-0.004582,0.076018,,,,,,,,,,,,,,,
629,20.966667,0.493028,-0.004564,0.076131,,,,,,,,,,,,,,,
630,21,0.493026,-0.004574,0.076209,,,,,,,,,,,,,,,
631,21.033333,0.493038,-0.004602,0.076301,,,,,,,,,,,,,,,
632,21.066667,0.493044,-0.004594,0.076371,,,,,,,,,,,,,,,
633,21.1,0.493047,-0.004608,0.076411,,,,,,,,,,,,,,,
634,21.133333,0.493059,-0.004622,0.076491,,,,,,,,,,,,,,,
635,21.166667,0.493064,-0.004632,0.076576,,,,,,,,,,,,,,,
636,21.2,0.493066,-0.004632,0.076596,,,,,,,,,,,,,,,
637,21.233333,0.493066,-0.004646,0.076612,,,,,,,,,,,,,,,
638,21.266667,0.493066,-0.004648,0.07662,,,,,,,,,,,,,,,
639,21.3,0.493063,-0.00465,0.076624,,,,,,,,,,,,,,,
640,21.333333,0.493044,-0.004656,0.076632,,,,,,,,,,,,,,,
641,21.366667,0.493024,-0.004659,0.076643,,,,,,,,,,,,,,,
642,21.4,0.493003,-0.004656,0.076668,,,,,,,,,,,,,,,
643,21.433333,0.492982,-0.004648,0.076669,,,,,,,,,,,,,,,
644,21.466667,0.492945,-0.004653,0.076679,,,,,,,,,,,,,,,
645,21.5,0.492919,-0.004657,0.076665,,,,,,,,,,,,,,,
646,21.533333,0.492894,-0.004653,0.076626,,,,,,,,,,,,,,,
647,21.566667,0.492862,-0.004646,0.076602,,,,,,,,,,,,,,,
648,21.6,0.492853,-0.004649,0.076548,,,,,,,,,,,,,,,
649,21.633333,0.492836,-0.004654,0.076514,,,,,,,,,,,,,,,
650,21.666667,0.492819,-0.004648,0.076497,,,,,,,,,,,,,,,
651,21.7,0.492816,-0.004642,0.076502,,,,,,,,,,,,,,,
652,21.733333,0.492816,-0.004643,0.076503,,,,,,,,,,,,,,,
653,21.766667,0.492816,-0.004645,0.076508,,,,,,,,,,,,,,,
654,21.8,0.492818,-0.004644,0.076509,,,,,,,,,,,,,,,
655,21.833333,0.492815,-0.004642,0.07651,,,,,,,,,,,,,,,
656,21.866667,0.492818,-0.004643,0.076509,,,,,,,,,,,,,,,
657,21.9,0.492818,-0.004645,0.076513,,,,,,,,,,,,,,,
658,21.933333,0.492826,-0.004646,0.076514,,,,,,,,,,,,,,,
659,21.966667,0.492818,-0.004639,0.076513,,,,,,,,,,,,,,,
660,22,0.492819,-0.004639,0.076511,,,,,,,,,,,,,,,
661,22.033333,0.492819,-0.004636,0.076512,,,,,,,,,,,,,,,
662,22.066667,0.492825,-0.004648,0.076518,,,,,,,,,,,,,,,
663,22.1,0.492818,-0.004641,0.076514,,,,,,,,,,,,,,,
664,22.133333,0.492819,-0.00464,0.076514,,,,,,,,,,,,,,,
665,22.166667,0.492817,-0.004641,0.076515,,,,,,,,,,,,,,,
666,22.2,0.492823,-0.004642,0.076517,,,,,,,,,,,,,,,
667,22.233333,0.492825,-0.004649,0.076516,,,,,,,,,,,,,,,
668,22.266667,0.492818,-0.00464,0.076516,,,,,,,,,,,,,,,
669,22.3,0.492824,-0.004647,0.076519,,,,,,,,,,,,,,,
670,22.333333,0.492822,-0.004648,0.076519,,,,,,,,,,,,,,,
671,22.366667,0.49282,-0.004637,0.076514,,,,,,,,,,,,,,,
672,22.4,0.492819,-0.004638,0.076516,,,,,,,,,,,,,,,
673,22.433333,0.49282,-0.004639,0.076516,,,,,,,,,,,,,,,
674,22.466667,0.492824,-0.004644,0.076519,,,,,,,,,,,,,,,
675,22.5,0.492818,-0.004639,0.076517,,,,,,,,,,,,,,,
676,22.533333,0.492826,-0.004648,0.076521,,,,,,,,,,,,,,,
677,22.566667,0.492819,-0.004641,0.076515,,,,,,,,,,,,,,,
678,22.6,0.492824,-0.004647,0.07652,,,,,,,,,,,,,,,
679,22.633333,0.492819,-0.004635,0.076516,,,,,,,,,,,,,,,
680,22.666667,0.492821,-0.004637,0.07652,,,,,,,,,,,,,,,
681,22.7,0.492822,-0.004638,0.076519,,,,,,,,,,,,,,,
682,22.733333,0.492842,-0.004638,0.076539,,,,,,,,,,,,,,,
683,22.766667,0.492887,-0.004626,0.076599,,,,,,,,,,,,,,,
684,22.8,0.492899,-0.004633,0.076588,,,,,,,,,,,,,,,
685,22.833333,0.492904,-0.004621,0.076614,,,,,,,,,,,,,,,
686,22.866667,0.492922,-0.004618,0.076624,,,,,,,,,,,,,,,
687,22.9,0.492932,-0.004619,0.076638,,,,,,,,,,,,,,,
688,22.933333,0.492942,-0.004608,0.076683,,,,,,,,,,,,,,,
689,22.966667,0.492945,-0.004624,0.076707,,,,,,,,,,,,,,,
690,23,0.492951,-0.004618,0.076741,,,,,,,,,,,,,,,
691,23.033333,0.492944,-0.004614,0.076775,,,,,,,,,,,,,,,
692,23.066667,0.492929,-0.004645,0.076818,,,,,,,,,,,,,,,
693,23.1,0.492931,-0.004647,0.076856,,,,,,,,,,,,,,,
694,23.133333,0.492932,-0.004641,0.076891,,,,,,,,,,,,,,,
695,23.166667,0.492932,-0.004647,0.076903,,,,,,,,,,,,,,,
696,23.2,0.492937,-0.004645,0.076915,,,,,,,,,,,,,,,
697,23.233333,0.492951,-0.004645,0.076933,,,,,,,,,,,,,,,
698,23.266667,0.492967,-0.004646,0.07694,,,,,,,,,,,,,,,
699,23.3,0.493004,-0.004657,0.076948,,,,,,,,,,,,,,,
700,23.333333,0.49308,-0.004666,0.076896,,,,,,,,,,,,,,,
701,23.366667,0.493143,-0.004641,0.07689,,,,,,,,,,,,,,,
702,23.4,0.493217,-0.004638,0.076862,,,,,,,,,,,,,,,
703,23.433333,0.493287,-0.004626,0.076893,,,,,,,,,,,,,,,
704,23.466667,0.493347,-0.004613,0.07691,,,,,,,,,,,,,,,
705,23.5,0.493389,-0.004604,0.07694,,,,,,,,,,,,,,,
706,23.533333,0.493438,-0.004591,0.07697,,,,,,,,,,,,,,,
707,23.566667,0.493468,-0.004588,0.076982,,,,,,,,,,,,,,,
708,23.6,0.493494,-0.004584,0.076985,,,,,,,,,,,,,,,
709,23.633333,0.493503,-0.004584,0.076995,,,,,,,,,,,,,,,
710,23.666667,0.493504,-0.004585,0.076995,,,,,,,,,,,,,,,
711,23.7,0.493501,-0.00458,0.076999,,,,,,,,,,,,,,,
712,23.733333,0.493503,-0.004585,0.077001,,,,,,,,,,,,,,,
713,23.766667,0.493502,-0.004582,0.076999,,,,,,,,,,,,,,,
714,23.8,0.493501,-0.004582,0.077001,,,,,,,,,,,,,,,
715,23.833333,0.4935,-0.004582,0.077001,,,,,,,,,,,,,,,
716,23.866667,0.4935,-0.004584,0.077,,,,,,,,,,,,,,,
717,23.9,0.4935,-0.004582,0.077001,,,,,,,,,,,,,,,
718,23.933333,0.4935,-0.004579,0.077003,,,,,,,,,,,,,,,
719,23.966667,0.493501,-0.004582,0.077004,,,,,,,,,,,,,,,
720,24,0.493499,-0.004578,0.077001,,,,,,,,,,,,,,,
721,24.033333,0.493503,-0.004581,0.077003,,,,,,,,,,,,,,,
722,24.066667,0.493502,-0.004579,0.077005,,,,,,,,,,,,,,,
723,24.1,0.493502,-0.004576,0.077002,,,,,,,,,,,,,,,
724,24.133333,0.493501,-0.00458,0.077003,,,,,,,,,,,,,,,
725,24.166667,0.4935,-0.004578,0.077003,,,,,,,,,,,,,,,
726,24.2,0.493498,-0.004579,0.077004,,,,,,,,,,,,,,,
727,24.233333,0.4935,-0.004579,0.077005,,,,,,,,,,,,,,,
728,24.266667,0.493501,-0.004582,0.077005,,,,,,,,,,,,,,,
729,24.3,0.493501,-0.004579,0.077004,,,,,,,,,,,,,,,
730,24.333333,0.4935,-0.004582,0.077006,,,,,,,,,,,,,,,
731,24.366667,0.493501,-0.004578,0.077006,,,,,,,,,,,,,,,
732,24.4,0.4935,-0.004582,0.077006,,,,,,,,,,,,,,,
733,24.433333,0.4935,-0.004584,0.077003,,,,,,,,,,,,,,,
734,24.466667,0.493501,-0.00458,0.077005,,,,,,,,,,,,,,,
735,24.5,0.493498,-0.004582,0.077004,,,,,,,,,,,,,,,
736,24.533333,0.493499,-0.004579,0.077004,,,,,,,,,,,,,,,
737,24.566667,0.4935,-0.004578,0.077004,,,,,,,,,,,,,,,
738,24.6,0.493497,-0.004578,0.077006,,,,,,,,,,,,,,,
739,24.633333,0.493483,-0.004578,0.077001,,,,,,,,,,,,,,,
740,24.666667,0.49346,-0.004578,0.077009,,,,,,,,,,,,,,,
741,24.7,0.493432,-0.004577,0.077055,,,,,,,,,,,,,,,
742,24.733333,0.49343,-0.004582,0.077115,,,,,,,,,,,,,,,
743,24.766667,0.493426,-0.004577,0.077204,,,,,,,,,,,,,,,
744,24.8,0.493405,-0.004561,0.077292,,,,,,,,,,,,,,,
745,24.833333,0.493383,-0.004552,0.077425,,,,,,,,,,,,,,,
746,24.866667,0.49339,-0.004549,0.077518,,,,,,,,,,,,,,,
747,24.9,0.493385,-0.004559,0.077596,,,,,,,,,,,,,,,
748,24.933333,0.493397,-0.004582,0.077687,,,,,,,,,,,,,,,
749,24.966667,0.493401,-0.004608,0.077748,,,,,,,,,,,,,,,
750,25,0.493409,-0.004615,0.077835,,,,,,,,,,,,,,,
751,25.033333,0.493412,-0.004615,0.077869,,,,,,,,,,,,,,,
752,25.066667,0.493416,-0.004619,0.077881,,,,,,,,,,,,,,,
753,25.1,0.493416,-0.004617,0.077889,,,,,,,,,,,,,,,
754,25.133333,0.493412,-0.004624,0.077893,,,,,,,,,,,,,,,
755,25.166667,0.493405,-0.004631,0.077901,,,,,,,,,,,,,,,
756,25.2,0.493379,-0.004637,0.077904,,,,,,,,,,,,,,,
757,25.233333,0.493373,-0.004648,0.077926,,,,,,,,,,,,,,,
758,25.266667,0.493355,-0.004647,0.077943,,,,,,,,,,,,,,,
759,25.3,0.493326,-0.004648,0.077945,,,,,,,,,,,,,,,
760,25.333333,0.493291,-0.004648,0.077956,,,,,,,,,,,,,,,
761,25.366667,0.493269,-0.004649,0.077941,,,,,,,,,,,,,,,
762,25.4,0.493235,-0.004659,0.077906,,,,,,,,,,,,,,,
763,25.433333,0.49322,-0.004653,0.077879,,,,,,,,,,,,,,,
764,25.466667,0.493195,-0.004663,0.077822,,,,,,,,,,,,,,,
765,25.5,0.493172,-0.004682,0.077796,,,,,,,,,,,,,,,
766,25.533333,0.493172,-0.004681,0.077798,,,,,,,,,,,,,,,
767,25.566667,0.493172,-0.004679,0.077791,,,,,,,,,,,,,,,
768,25.6,0.493166,-0.004681,0.077794,,,,,,,,,,,,,,,
769,25.633333,0.493164,-0.004678,0.077796,,,,,,,,,,,,,,,
770,25.666667,0.493166,-0.004677,0.077799,,,,,,,,,,,,,,,
771,25.7,0.493166,-0.004678,0.077801,,,,,,,,,,,,,,,
772,25.733333,0.493168,-0.004676,0.0778,,,,,,,,,,,,,,,
773,25.766667,0.493167,-0.004675,0.077804,,,,,,,,,,,,,,,
774,25.8,0.493168,-0.004677,0.077801,,,,,,,,,,,,,,,
775,25.833333,0.493166,-0.004675,0.077802,,,,,,,,,,,,,,,
776,25.866667,0.493167,-0.004676,0.077804,,,,,,,,,,,,,,,
777,25.9,0.493167,-0.004674,0.077802,,,,,,,,,,,,,,,
778,25.933333,0.493166,-0.004676,0.077804,,,,,,,,,,,,,,,
779,25.966667,0.493168,-0.004676,0.077804,,,,,,,,,,,,,,,
780,26,0.493169,-0.004677,0.077805,,,,,,,,,,,,,,,
781,26.033333,0.493169,-0.004675,0.077802,,,,,,,,,,,,,,,
782,26.066667,0.493168,-0.004673,0.077804,,,,,,,,,,,,,,,
783,26.1,0.493166,-0.004674,0.077807,,,,,,,,,,,,,,,
784,26.133333,0.493169,-0.004676,0.077807,,,,,,,,,,,,,,,
785,26.166667,0.493168,-0.004676,0.077808,,,,,,,,,,,,,,,
786,26.2,0.493169,-0.004677,0.077804,,,,,,,,,,,,,,,
787,26.233333,0.493168,-0.004672,0.077805,,,,,,,,,,,,,,,
788,26.266667,0.493169,-0.004677,0.077807,,,,,,,,,,,,,,,
789,26.3,0.49317,-0.004676,0.077808,,,,,,,,,,,,,,,
790,26.333333,0.493167,-0.004672,0.077805,,,,,,,,,,,,,,,
791,26.366667,0.493168,-0.00468,0.077808,,,,,,,,,,,,,,,
792,26.4,0.493168,-0.004673,0.077806,,,,,,,,,,,,,,,
793,26.433333,0.493169,-0.004677,0.077809,,,,,,,,,,,,,,,
794,26.466667,0.493167,-0.004678,0.077808,,,,,,,,,,,,,,,
795,26.5,0.493169,-0.004675,0.077808,,,,,,,,,,,,,,,
796,26.533333,0.493168,-0.004675,0.077808,,,,,,,,,,,,,,,
797,26.566667,0.493176,-0.004672,0.077816,,,,,,,,,,,,,,,
798,26.6,0.493201,-0.004667,0.077831,,,,,,,,,,,,,,,
799,26.633333,0.49325,-0.00463,0.077887,,,,,,,,,,,,,,,
800,26.666667,0.493267,-0.004631,0.077891,,,,,,,,,,,,,,,
801,26.7,0.493276,-0.004629,0.077898,,,,,,,,,,,,,,,
802,26.733333,0.493287,-0.004625,0.077915,,,,,,,,,,,,,,,
803,26.766667,0.493296,-0.004613,0.077948,,,,,,,,,,,,,,,
804,26.8,0.493305,-0.004621,0.077967,,,,,,,,,,,,,,,
805,26.833333,0.493302,-0.00461,0.077996,,,,,,,,,,,,,,,
806,26.866667,0.493311,-0.004608,0.078036,,,,,,,,,,,,,,,
807,26.9,0.493305,-0.004618,0.078081,,,,,,,,,,,,,,,
808,26.933333,0.493306,-0.004607,0.078106,,,,,,,,,,,,,,,
809,26.966667,0.493298,-0.004609,0.078138,,,,,,,,,,,,,,,
810,27,0.493298,-0.004608,0.078157,,,,,,,,,,,,,,,
811,27.033333,0.4933,-0.004611,0.078168,,,,,,,,,,,,,,,
812,27.066667,0.493312,-0.004605,0.078195,,,,,,,,,,,,,,,
813,27.1,0.493328,-0.004612,0.078205,,,,,,,,,,,,,,,
814,27.133333,0.49335,-0.004621,0.078216,,,,,,,,,,,,,,,
815,27.166667,0.493375,-0.004644,0.078225,,,,,,,,,,,,,,,
816,27.2,0.493427,-0.004658,0.078178,,,,,,,,,,,,,,,
817,27.233333,0.493496,-0.004665,0.078154,,,,,,,,,,,,,,,
818,27.266667,0.493554,-0.004652,0.078174,,,,,,,,,,,,,,,
819,27.3,0.493617,-0.004643,0.078174,,,,,,,,,,,,,,,
820,27.333333,0.493697,-0.004612,0.078217,,,,,,,,,,,,,,,
821,27.366667,0.49375,-0.004599,0.07825,,,,,,,,,,,,,,,
822,27.4,0.493783,-0.004587,0.07827,,,,,,,,,,,,,,,
823,27.433333,0.493815,-0.004588,0.078285,,,,,,,,,,,,,,,
824,27.466667,0.493836,-0.004582,0.078285,,,,,,,,,,,,,,,
825,27.5,0.493835,-0.00458,0.07829,,,,,,,,,,,,,,,
826,27.533333,0.49383,-0.004577,0.078293,,,,,,,,,,,,,,,
827,27.566667,0.493834,-0.004579,0.078295,,,,,,,,,,,,,,,
828,27.6,0.493831,-0.004579,0.078297,,,,,,,,,,,,,,,
829,27.633333,0.493833,-0.004579,0.078296,,,,,,,,,,,,,,,
830,27.666667,0.493831,-0.004577,0.078297,,,,,,,,,,,,,,,
831,27.7,0.493831,-0.004578,0.078297,,,,,,,,,,,,,,,
832,27.733333,0.493829,-0.00458,0.078297,,,,,,,,,,,,,,,
833,27.766667,0.493831,-0.004579,0.078297,,,,,,,,,,,,,,,
834,27.8,0.493831,-0.004579,0.078296,,,,,,,,,,,,,,,
835,27.833333,0.493828,-0.004578,0.078296,,,,,,,,,,,,,,,
836,27.866667,0.493836,-0.004579,0.078298,,,,,,,,,,,,,,,
837,27.9,0.493827,-0.004581,0.078299,,,,,,,,,,,,,,,
838,27.933333,0.493831,-0.004578,0.078295,,,,,,,,,,,,,,,
839,27.966667,0.49383,-0.004582,0.078299,,,,,,,,,,,,,,,
840,28,0.493828,-0.004579,0.078299,,,,,,,,,,,,,,,
841,28.033333,0.493829,-0.004579,0.078298,,,,,,,,,,,,,,,
842,28.066667,0.49383,-0.004578,0.078299,,,,,,,,,,,,,,,
843,28.1,0.493832,-0.004581,0.078299,,,,,,,,,,,,,,,
844,28.133333,0.493829,-0.004579,0.0783,,,,,,,,,,,,,,,
845,28.166667,0.493834,-0.004578,0.078299,,,,,,,,,,,,,,,
846,28.2,0.49383,-0.004576,0.0783,,,,,,,,,,,,,,,
847,28.233333,0.493828,-0.004581,0.078298,,,,,,,,,,,,,,,
848,28.266667,0.49383,-0.004576,0.078301,,,,,,,,,,,,,,,
849,28.3,0.49383,-0.00458,0.0783,,,,,,,,,,,,,,,
850,28.333333,0.493829,-0.004577,0.078299,,,,,,,,,,,,,,,
851,28.366667,0.493828,-0.004577,0.078302,,,,,,,,,,,,,,,
852,28.4,0.493828,-0.004577,0.0783,,,,,,,,,,,,,,,
853,28.433333,0.49383,-0.004576,0.078301,,,,,,,,,,,,,,,
854,28.466667,0.493824,-0.004576,0.078299,,,,,,,,,,,,,,,
855,28.5,0.493819,-0.004574,0.078302,,,,,,,,,,,,,,,
856,28.533333,0.493762,-0.004575,0.078324,,,,,,,,,,,,,,,
857,28.566667,0.493753,-0.004572,0.078359,,,,,,,,,,,,,,,
858,28.6,0.493736,-0.004579,0.078435,,,,,,,,,,,,,,,
859,28.633333,0.493717,-0.004587,0.078532,,,,,,,,,,,,,,,
860,28.666667,0.49371,-0.004579,0.078639,,,,,,,,,,,,,,,
861,28.7,0.493704,-0.004577,0.078726,,,,,,,,,,,,,,,
862,28.733333,0.493708,-0.004589,0.078813,,,,,,,,,,,,,,,
863,28.766667,0.493708,-0.004593,0.078906,,,,,,,,,,,,,,,
864,28.8,0.493716,-0.004604,0.078956,,,,,,,,,,,,,,,
865,28.833333,0.493726,-0.004596,0.079042,,,,,,,,,,,,,,,
866,28.866667,0.493733,-0.004598,0.079124,,,,,,,,,,,,,,,
867,28.9,0.493745,-0.004607,0.079153,,,,,,,,,,,,,,,
868,28.933333,0.493742,-0.004609,0.079164,,,,,,,,,,,,,,,
869,28.966667,0.493741,-0.004613,0.079169,,,,,,,,,,,,,,,
870,29,0.493738,-0.00461,0.079178,,,,,,,,,,,,,,,
871,29.033333,0.493727,-0.004616,0.079182,,,,,,,,,,,,,,,
872,29.066667,0.493706,-0.004622,0.079191,,,,,,,,,,,,,,,
873,29.1,0.493697,-0.004627,0.079202,,,,,,,,,,,,,,,
874,29.133333,0.493671,-0.004634,0.079221,,,,,,,,,,,,,,,
875,29.166667,0.493647,-0.00463,0.079228,,,,,,,,,,,,,,,
876,29.2,0.493616,-0.004636,0.079228,,,,,,,,,,,,,,,
877,29.233333,0.493576,-0.004662,0.079208,,,,,,,,,,,,,,,
878,29.266667,0.493562,-0.004655,0.079173,,,,,,,,,,,,,,,
879,29.3,0.49354,-0.004666,0.079131,,,,,,,,,,,,,,,
880,29.333333,0.493527,-0.004668,0.07909,,,,,,,,,,,,,,,
881,29.366667,0.493514,-0.004655,0.079064,,,,,,,,,,,,,,,
882,29.4,0.493509,-0.004646,0.079066,,,,,,,,,,,,,,,
883,29.433333,0.493506,-0.004649,0.079067,,,,,,,,,,,,,,,
884,29.466667,0.493511,-0.004647,0.079072,,,,,,,,,,,,,,,
885,29.5,0.493514,-0.004646,0.07907,,,,,,,,,,,,,,,
886,29.533333,0.493511,-0.004649,0.079073,,,,,,,,,,,,,,,
887,29.566667,0.493507,-0.004644,0.079072,,,,,,,,,,,,,,,
888,29.6,0.493511,-0.004644,0.079072,,,,,,,,,,,,,,,
889,29.633333,0.493511,-0.004649,0.079071,,,,,,,,,,,,,,,
890,29.666667,0.493513,-0.00465,0.079075,,,,,,,,,,,,,,,
891,29.7,0.493515,-0.004645,0.079073,,,,,,,,,,,,,,,
892,29.733333,0.493511,-0.004644,0.079074,,,,,,,,,,,,,,,
893,29.766667,0.493511,-0.004645,0.079075,,,,,,,,,,,,,,,
894,29.8,0.493511,-0.004643,0.079077,,,,,,,,,,,,,,,
895,29.833333,0.493512,-0.004645,0.079074,,,,,,,,,,,,,,,
896,29.866667,0.493515,-0.004644,0.079076,,,,,,,,,,,,,,,
897,29.9,0.493512,-0.004646,0.079076,,,,,,,,,,,,,,,
